0,1,2,3,4
Romeo Santos,83.0,Romeo Santos,spotify:artist:5lwmRuXgjX8xIwlnauTZIP,['bachata']
DNCE,71.0,DNCE,spotify:artist:6T5tfhQCknKG4UnH90qGnz,"['dance pop', 'edm', 'pop', 'post-teen pop']"
YBN Nahmir,66.0,YBN Nahmir,spotify:artist:3gGUMEwIX6XodWsYEvKSal,"['alabama rap', 'rap', 'trap', 'underground hip hop', 'vapor trap', 'viral rap']"
Lil Peep,85.0,Lil Peep,spotify:artist:2kCcBybjl3SAtIcwdWpUe3,"['emo rap', 'lgbtq+ hip hop']"
,,,,
,,,,
,,,,
,,,,
Gogi Grant,25.0,Gogi Grant,spotify:artist:2Ak3GNswCQfRKDs3P8uWaQ,['deep adult standards']
Tony Dallara,44.0,Tony Dallara,spotify:artist:4kLoGBk9rZUs8lJmda0IHe,"['classic italian pop', 'italian lounge']"
Ronnie Height,0.0,RONNIE HEIGHT,spotify:artist:3msQ0BGuNeYH87pUyCa424,[]
The Johnny Otis Show,17.0,The Johnny Otis Show,spotify:artist:4pdM1TI8b1tZW3Jprzn5II,[]
The String-A-Longs,28.0,The String-A-Longs,spotify:artist:7CG3fjmCcZHXOnxYrpgE6W,['surf music']
Paris Sisters,32.0,The Paris Sisters,spotify:artist:0SDMI2Gkjubw3ol5p5fKtX,"['brill building pop', 'classic girl group']"
Timi Yuro,42.0,Timi Yuro,spotify:artist:2JyxVsEiD9HVRM7CtFaLCK,['adult standards']
Mr. Acker Bilk,0.0,Mr Acker Bilk's Paramount Jazz Band,spotify:artist:1fpzS0e13WQknw39SMO804,[]
Ketty Lester,34.0,Ketty Lester,spotify:artist:36pJnWrcvAsoWm6fUqGaHi,[]
The Cascades,51.0,The Cascades,spotify:artist:6qF0CJP412Gd50Rn1sFg2o,"['adult standards', 'brill building pop', 'doo-wop', 'rock-and-roll']"
The Crystals,54.0,The Crystals,spotify:artist:7rewR1TVjhisjI6gauUamf,"['bubblegum pop', 'classic girl group', 'rock-and-roll']"
The Murmaids,19.0,The Murmaids,spotify:artist:0ZVvRLbxQEcphvO7G8x3c8,['classic girl group']
Kim Weston,47.0,Kim Weston,spotify:artist:71pUA2TXf3JHUPUgsjLtuL,"['motown', 'northern soul']"
Brian Wilson,47.0,Brian Courtney Wilson,spotify:artist:5K2BdUwQNqXy70BX2L8BQx,"['contemporary gospel', 'gospel']"
John Roberts,44.0,John Roberts,spotify:artist:5HGXZdpWmmXoDqbCCsBlYt,[]
Jay And The Techniques,30.0,Jay & The Techniques,spotify:artist:36eDX6PQlJkjxXUhIINO5w,"['bubblegum pop', 'philly soul']"
The Tams,42.0,The Tams,spotify:artist:4FSD5qtm70EBsOiLMN2eEe,"['beach music', 'northern soul']"
,,,,
Classics IV Featuring Dennis Yost,1.0,The Classics IV featuring Dennis Yost,spotify:artist:0BQw4TZhnJEQqSPE9eOYqa,[]
The Winstons,27.0,The Winstons,spotify:artist:1VePrTOSgCLcaBecBs7i2q,[]
,,,,
Pretty Ricky,57.0,Pretty Ricky,spotify:artist:6XwcepfAsPhrvwziGxhwju,"['contemporary r&b', 'dance pop', 'hip hop', 'hip pop', 'miami hip hop', 'pop r&b', 'pop rap', 'r&b', 'rap', 'southern hip hop', 'trap', 'urban contemporary']"
,,,,
,,,,
,,,,
,,,,
V V Brown,40.0,V V Brown,spotify:artist:39ZHUueufhIdbW4yu9uODG,"['british soul', 'metropopolis']"
Josh Turner,66.0,Josh Turner,spotify:artist:7vCtweS8UVAXTyau2j0rDT,"['contemporary country', 'country', 'country road']"
Rej3ctz,29.0,Rej3ctz,spotify:artist:67oiK9STe75g3hNiUFyaRo,['pop rap']
,,,,
Don Omar,82.0,Don Omar,spotify:artist:33ScadVnbm2X8kkUqOkC6Z,"['latin hip hop', 'puerto rican pop', 'reggaeton', 'urbano latino']"
,,,,
Melanie Fiona,50.0,Melanie Fiona,spotify:artist:4O2YL4ygn6eTBC0w1hyWUM,"['canadian pop', 'hip pop', 'neo soul', 'pop r&b', 'r&b', 'urban contemporary']"
Driicky Graham,27.0,Driicky Graham,spotify:artist:7h5oEr0hzlM0GFQMrgEwSo,['north carolina hip hop']
,,,,
Amanda Brown,22.0,Amanda Brown,spotify:artist:11VRTR3lSXmFs5YZfmNOl7,['deep talent show']
,,,,
Samantha Barks,46.0,Samantha Barks,spotify:artist:4gOl5m9dY7IGAipqpul7GZ,['show tunes']
,,,,
,,,,
,,,,
,,,,
French Montana,77.0,French Montana,spotify:artist:6vXTefBL93Dj5IqAWq6OTv,"['gangster rap', 'hip hop', 'pop rap', 'rap', 'southern hip hop', 'trap']"
,,,,
Charlie Worsham,35.0,Charlie Worsham,spotify:artist:1nYvElumwIjMkOczb985bq,['modern country rock']
Brett Eldredge,70.0,Brett Eldredge,spotify:artist:0qSX3s5pJnAlSsgsCne8Cz,"['adult standards', 'contemporary country', 'country', 'country road', 'modern country rock']"
Tiesto,86.0,Tiësto,spotify:artist:2o5jDhtHVPhrJdv3cEQ99Z,"['big room', 'brostep', 'dance pop', 'dutch edm', 'edm', 'house', 'pop', 'pop dance', 'slap house', 'trance', 'tropical house']"
MAGIC!,70.0,Casper Magico,spotify:artist:1fux65HMCBvfJHqlBc4Nno,"['latin hip hop', 'reggaeton', 'reggaeton flow', 'trap latino', 'urbano latino']"
,,,,
,,,,
,,,,
,,,,
,,,,
,,,,
,,,,
,,,,
,,,,
,,,,
,,,,
,,,,
Jimmie Allen,63.0,Jimmie Allen,spotify:artist:147nKr9upHZSSxqCzh9j7c,"['black americana', 'contemporary country', 'country', 'country road']"
,,,,
Mabel,71.0,Mabel,spotify:artist:1MIVXf74SZHmTIp4V4paH4,"['dance pop', 'edm', 'pop', 'pop dance', 'post-teen pop', 'tropical house', 'uk pop']"
,,,,
,,,,
,,,,
,,,,
,,,,
,,,,
Tenille Arts,61.0,Tenille Arts,spotify:artist:0gSAxSvAApQc71cTpoXDFu,"['canadian contemporary country', 'contemporary country', 'country', 'country pop']"
,,,,
Jaye P. Morgan,22.0,Jaye P. Morgan,spotify:artist:5pXHBib9XGRDufx8zSc5Wk,['deep soft rock']
John Fred And The Playboys,1.0,John Fred and The Playboys,spotify:artist:3Kf1A84nUA6sKk3Gh7VcHb,[]
Ivory Joe Hunter,26.0,Ivory Joe Hunter,spotify:artist:3DpdJvcq90sWYUx35Tcbea,"['jazz blues', 'piano blues', 'rhythm and blues']"
Stan Robinson,10.0,Stanford Robinson,spotify:artist:2TAog1Gmo5dAaPdPq3xOED,[]
The Four Coins,7.0,The Four Coins,spotify:artist:1XQXkciRULT2PXhRUtmmuH,"['deep adult standards', 'vocal harmony group']"
Billy & Lillie,2.0,Billy & Lillie,spotify:artist:3jymBzFmCYB3skQvaofMP1,[]
Gene & Eunice,6.0,Gene & Eunice,spotify:artist:2hXUgDlCu2aGNNalOGvmsd,[]
Leslie Uggams,11.0,Leslie Uggams,spotify:artist:3lu1p5TAo8X7qdmj2ElFWW,"['northern soul', 'vintage broadway']"
,,,,
Ruth Brown,44.0,Ruth Brown,spotify:artist:4EYVgfZJ8wKXWmIvCx3gOY,"['jazz blues', 'jump blues', 'rhythm and blues', 'rock-and-roll', 'soul', 'southern soul']"
Cowboy Copas,27.0,Cowboy Copas,spotify:artist:4szqhE3dT8nzYnlXYGwzmi,"['honky tonk', 'western swing']"
Ernestine Anderson,44.0,Ernestine Anderson,spotify:artist:7yNele4jnVhZJ2GE7Kg25T,"['adult standards', 'lounge', 'vocal jazz']"
Joe Jones,48.0,Philly Joe Jones,spotify:artist:4WhH68K75YKSAwHAqWFpi1,"['bebop', 'hard bop', 'jazz drums']"
Duane Eddy,47.0,Duane Eddy,spotify:artist:1I5Cu7bqjkRg85idwYsD91,"['adult standards', 'rock-and-roll', 'rockabilly', 'surf music']"
Felony,43.0,Jayo Felony,spotify:artist:188HWxEQMjCaa7kf3ZGjwc,"['g funk', 'gangster rap', 'hyphy', 'san diego rap', 'west coast rap', 'west coast trap']"
,,,,
The Dynatones,7.0,The Dynatones,spotify:artist:6DWBCmYTGxSXjc6BF39G7i,['polka']
,,,,
,,,,
Gabby Barrett,66.0,Gabby Barrett,spotify:artist:6Iz3eq2aQGFf7TbGT2iahL,"['contemporary country', 'country', 'country pop']"
,,,,
Saga,48.0,Saga Solheim,spotify:artist:7uy9xQDLs9vJXNotUs2eVQ,['instrumental lullaby']
,,,,
Glenn Sutton,0.0,Glenn Sutton,spotify:artist:6pK855ujWB6SWhgyKoyuph,[]
Ylvis,53.0,Ylvis,spotify:artist:2lEOFtf3cCyzomQcMHJGfZ,['comic']
Albert Hammond,54.0,Albert Hammond,spotify:artist:34E3csCxpXunPGEkOVVX2g,"['bubblegum pop', 'classic uk pop', 'rock of gibraltar']"
Tony And Joe,0.0,Tony Y Joel,spotify:artist:3UF5D4UiKrQV2CUvvDdHHe,[]
Lucille Starr,24.0,Lucille Starr,spotify:artist:4RNkBRL7PGCeV9Ka4J3f8D,"['canadian country', 'nederpop']"
The Verve Pipe,47.0,The Verve Pipe,spotify:artist:242iqFnwNhlidVBMI9GYKp,"['pop rock', 'post-grunge']"
The Goodies,13.0,The Goodies,spotify:artist:0nfybsswBOu6ZFmVjhjqAl,[]
Bull & The Matadors,1.0,Bull & The Matadors,spotify:artist:3Zzg87M2yETUfsgXFxt6hG,[]
Timbuk 3,30.0,Timbuk 3,spotify:artist:1NdZSjGpm3jktmGbvkLadW,[]
Brown Sugar,17.0,Brown Sugar,spotify:artist:48Htp15Ojh8gomlkAFBUws,['korean old school hip hop']
,,,,
Pusha T,74.0,Pusha T,spotify:artist:0ONHkAv9pCAFxb0zJwDNTy,"['alternative hip hop', 'hip hop', 'pop rap', 'rap', 'southern hip hop', 'trap', 'underground hip hop', 'virginia hip hop']"
Donny Hathaway,65.0,Donny Hathaway,spotify:artist:0HU0U9kdXEHZVxUNbuQe8S,"['chicago soul', 'classic soul', 'funk', 'neo soul', 'quiet storm', 'soul']"
O'Bryan,0.0,Aaron O’bryan Smith,spotify:artist:2QjmEQGtpj7yCrRslVSq63,[]
,,,,
Brother Beyond,29.0,Brother Beyond,spotify:artist:6To7KuC86pBGCtkRUiq80O,['boy band']
,,,,
,,,,
,,,,
The Dukays,1.0,The Dukays,spotify:artist:3yyO68pDLnXB97Eirjvt0u,['soda pop']
Blanco Brown,60.0,Blanco Brown,spotify:artist:3yzRiNMZdTsSUgplcyYZ4i,"['black americana', 'country rap']"
"Hugo Montenegro, His Orchestra And Chorus",20.0,Hugo Montenegro & His Orchestra and Chorus,spotify:artist:0nAYZn357xMuhaIrsW5mMC,['old west']
Adrian Kimberly,0.0,"Kimberly McCoul Risinger, flute; Adriana Ransom, cello; Illinois State University Wind Symphony; Stephen K. Steele, conductor",spotify:artist:6U61PUwQGfDEdujTCDhLef,[]
Camouflage,47.0,Camouflage,spotify:artist:2YTbBGa3Tf2rRPhiJxWoUN,"['futurepop', 'new romantic', 'new wave', 'synthpop']"
,,,,
,,,,
Kenny Ball and his Jazzmen,22.0,Kenny Ball & His Jazzmen,spotify:artist:1gv1pJZUv6mZIaYRezXE3C,['dixieland']
The Tune Rockers,0.0,The Tune Rockers,spotify:artist:13oRnp1gAqHi5rHvPH5Nqw,[]
The Fun And Games,0.0,The Fun & Games,spotify:artist:5j0sRHXYKA5Vr7hG4R1Yrz,[]
Joe Reisman Orch. & Chorus,38.0,Joe Reisman's Orchestra and Chorus,spotify:artist:2qkfMoOIz3BqLD91C1B09a,[]
,,,,
,,,,
,,,,
,,,,
Stonewall Jackson,42.0,Stonewall Jackson,spotify:artist:0NqxUSg57tX1o1WG7VU1Vp,"['classic country pop', 'honky tonk']"
The Chambers Brothers,38.0,The Chambers Brothers,spotify:artist:0OwaxYpG77PWKSLtj1QzG8,"['classic garage rock', 'psychedelic rock', 'psychedelic soul']"
,,,,
Dwight Twilley,29.0,Dwight Twilley Band,spotify:artist:6IpcPRU1kV0J58kd2w8vSC,"['power pop', 'pub rock', 'underground power pop']"
Kris Kross,52.0,Kris Kross,spotify:artist:2zrZfs23sjuHDv4E6YRmNf,"['hip hop', 'old school atlanta hip hop', 'rap']"
Dionne Farris,35.0,Dionne Farris,spotify:artist:7HO1DbzU86pWWp1vBN7l6k,['neo soul']
,,,,
Baz Luhrmann,11.0,Baz Luhrmann,spotify:artist:7HhTERkBV4Ot14KphgBfSh,[]
S Club 7,59.0,S Club 7,spotify:artist:1kM5rgJvkiDMOoKX56H6pX,"['bubblegum dance', 'dance pop', 'europop', 'post-teen pop']"
,,,,
Lumidee,52.0,Lumidee,spotify:artist:1IO0GVa1xjkFMXsg66FiE9,"['hip pop', 'pop rap', 'urban contemporary']"
Elliott Yamin,45.0,Elliott Yamin,spotify:artist:4am1I89OWXUzFh4ctRLkdd,[]
,,,,
,,,,
,,,,
,,,,
,,,,
Conan Gray,82.0,Conan Gray,spotify:artist:4Uc8Dsxct0oMqx0P6i60ea,"['bedroom pop', 'pop']"
,,,,
Ed Townsend,21.0,Ed Townsend,spotify:artist:4fgbkjDCSGUHANHRope4Ox,[]
Luniz,60.0,Luniz,spotify:artist:3z3g65U7mmyyBmmDfsQK9x,"['g funk', 'gangster rap', 'oakland hip hop', 'west coast rap']"
,,,,
,,,,
Garth Brooks,53.0,Garth Brooks,spotify:artist:4BclNkZtAUq1YrYNzye3N7,"['country', 'oklahoma country']"
,,,,
Susan Boyle,51.0,Susan Boyle,spotify:artist:1qAuetfG6mhtDgsVIffWQc,['operatic pop']
,,,,
,,,,
,,,,
Mason Ramsey,49.0,Mason Ramsey,spotify:artist:6xvpfMjWTougrRRtK7iikz,"['contemporary country', 'country']"
,,,,
,,,,
Wayne Fontana & The Mindbenders,36.0,Wayne Fontana & The Mindbenders,spotify:artist:2VkASgJ3IjpMHG5aYXx4t2,"['british invasion', 'bubblegum pop', 'classic uk pop', 'merseybeat', 'rock-and-roll']"
Jimmy Ruffin,48.0,Jimmy Ruffin,spotify:artist:0hF0PwB04hnXfYMiZWfJzy,"['classic soul', 'motown', 'soul', 'southern soul']"
,,,,
,,,,
,,,,
Skid Row,63.0,Skid Row,spotify:artist:4opTS86dN9uO313J9CE8xg,"['album rock', 'glam metal', 'hard rock', 'metal', 'rock']"
Joe Public,25.0,Joe Public,spotify:artist:3RnBzCfr8bQeLQQMGF6IeE,"['contemporary r&b', 'new jack swing']"
The Click,57.0,The Click,spotify:artist:3s1xcekYgnSkBm8QK1uBYD,"['gangster rap', 'hyphy']"
,,,,
,,,,
Lou Bega,61.0,Lou Bega,spotify:artist:46lnlnlU0dXTDpoAUmH6Qx,['latin pop']
,,,,
,,,,
,,,,
,,,,
,,,,
,,,,
,,,,
Whistling Jack Smith,21.0,Whistling Jack Smith,spotify:artist:6Yk2feUXXqt0cYTx8xd4Qo,[]
Waylon & Willie,0.0,"Willie Nelson, Johnny Cash, Waylon Jennings & Kris Kristofferson",spotify:artist:2RBLAeKfQpmzwWRFLakVRe,[]
Raekwon,70.0,Raekwon,spotify:artist:2yQf6b8hxahZaT5dHlWaB1,"['alternative hip hop', 'east coast hip hop', 'gangster rap', 'hardcore hip hop', 'hip hop', 'rap', 'southern hip hop']"
Lina Santiago,0.0,Santiago Linares,spotify:artist:3lsbxV7QVnwc9fNROTRBvW,[]
,,,,
Az Yet,44.0,Az Yet,spotify:artist:4UGMQyNcbGHYg5CDMKkSw3,"['contemporary r&b', 'r&b', 'urban contemporary']"
,,,,
,,,,
Bird York,16.0,Birds of New York,spotify:artist:21Ejlfz4iislrKjTxjDhYm,[]
Cobra Starship,59.0,Cobra Starship,spotify:artist:2aYJ5LAta2ScCdfLhKgZOY,"['dance pop', 'electropop', 'neon pop punk', 'pop punk', 'post-teen pop']"
,,,,
,,,,
,,,,
,,,,
,,,,
,,,,
Lil Baby Featuring Lil Wayne,0.0,"Big Balls Featuring Bryan ""Baby"" Williams Of The Big Tymers And Lil' Wayne Of The Hot Boys",spotify:artist:2NAXfCQYmiSK5M4QY5NmYS,[]
Larry Verne,11.0,Larry Verne,spotify:artist:6vWMWDRy2Jbshg42p1Iuzg,['novelty']
,,,,
The Electric Prunes,38.0,The Electric Prunes,spotify:artist:1kkpNi8Ii5MhBMxmUhN5g9,"['acid rock', 'bubblegum pop', 'classic garage rock', 'folk rock', 'freakbeat', 'protopunk', 'psychedelic rock']"
John Ono Lennon,75.0,John Lennon,spotify:artist:4x1nvY2FN8jxqAFA0DA02H,"['album rock', 'beatlesque', 'classic rock', 'indie r&b', 'mellow gold', 'rock']"
The Pipkins,22.0,The Pipkins,spotify:artist:7b8blpDsdFfs5DMMMLBuX0,['novelty']
Ghost Town DJ's,47.0,Ghost Town DJs,spotify:artist:4JbmXqez7WvTggoxn3UpVT,['atlanta bass']
Jennifer Love Hewitt,42.0,Jennifer Love Hewitt,spotify:artist:2BZDbnjUHnL2XAPgkdqTpb,"['dance pop', 'pop rock', 'post-teen pop']"
,,,,
,,,,
,,,,
,,,,
,,,,
,,,,
,,,,
Jessie J,73.0,Jessie Reyez,spotify:artist:3KedxarmBCyFBevnqQHy3P,"['canadian contemporary r&b', 'canadian pop', 'pop', 'r&b']"
N*E*R*D & Rihanna,0.0,David Ghetta and Rihannah Karaoke Band,spotify:artist:5vR8TB4tEanlrhpRoyDVAl,[]
,,,,
,,,,
,,,,
,,,,
,,,,
Andrew Jannakos,43.0,Andrew Jannakos,spotify:artist:6DAX5iORnv8nsZYYeZqket,['country pop']
Johnny Burnette,43.0,Johnny Burnette,spotify:artist:3PrFCybHMqrcPls31JxoIl,"['adult standards', 'rock-and-roll', 'rockabilly']"
,,,,
Redman/Method Man,0.0,Method man e redman,spotify:artist:0eW7AwywGyTxfkvMQDGQ19,[]
,,,,
dog's eye view,28.0,Dog's Eye View,spotify:artist:0ymKv4fh2eBhPT9HLTu8yH,['pop rock']
Lisa Loeb,49.0,Lisa Loeb,spotify:artist:1TMMyiSsNzmRiZCAkVLVb2,"['lilith', 'pop rock', 'singer-songwriter']"
,,,,
,,,,
,,,,
,,,,
Kandi,47.0,Kandi Girl,spotify:artist:41TccBHnkaVhhgCgl83JU8,[]
,,,,
,,,,
,,,,
,,,,
,,,,
Avicii,82.0,Avicii,spotify:artist:1vCWHaC5f2uS3yhpwWbIA6,"['dance pop', 'edm', 'pop', 'pop dance', 'pop rap']"
,,,,
,,,,
Chris Blue,34.0,Christian Blue,spotify:artist:1X1R5azJYxs6wdFzEOBoI3,[]
,,,,
,,,,
Cathy Carr,5.0,Cathy Carr,spotify:artist:0G8da8hOFaTfBLOnqzq3k3,['deep adult standards']
Jimmy Jones,23.0,Jimmy Jones,spotify:artist:3Jl6zZey7n9sVPK6vcZhtT,['bmore']
The Innocents,21.0,Tris Munsick & the Innocents,spotify:artist:4cA9YGLHMsKTL921ST5tZx,['wyoming indie']
,,,,
The Sunshine Company,6.0,The Sunshine Company,spotify:artist:4Fdp70hK2NKhAcrI22XgfG,['sunshine pop']
,,,,
KC,65.0,KC & The Sunshine Band,spotify:artist:3mQBpAOMWYqAZyxtyeo4Lo,"['disco', 'funk', 'soft rock']"
Don Johnson,38.0,Don Johnson,spotify:artist:29gt8yNK2jFp21ZWXISskB,[]
,,,,
Right Said Fred,52.0,Right Said Fred,spotify:artist:15ajdFAi5bjj5pS9laBfBL,"['eurodance', 'europop', 'hip house']"
Run-D.M.C.,63.0,Run–D.M.C.,spotify:artist:3CQIn7N5CuRDP8wEI7FiDA,"['east coast hip hop', 'golden age hip hop', 'hardcore hip hop', 'hip hop', 'old school hip hop', 'queens hip hop', 'rap']"
Merril Bainbridge,29.0,Merril Bainbridge,spotify:artist:0lSDlT2Z5EvUGNIl7WQ7k0,[]
,,,,
Wade Hayes,35.0,Wade Hayes,spotify:artist:3Wsbuy58Ku5N0hWjTuERRa,"['country', 'country road', 'country rock', 'oklahoma country']"
Sonique,51.0,Sonique,spotify:artist:5xtqw2B8z8JGfDYi2eAZHI,['eurodance']
,,,,
,,,,
,,,,
Lil' Flip,55.0,Lil' Flip,spotify:artist:4Q5sPmM8j4SpMqL4UA1DtS,"['crunk', 'dirty south rap', 'gangster rap', 'houston rap', 'pop rap', 'southern hip hop', 'trap']"
Frankee,37.0,Frankee,spotify:artist:01U4snBkRWq0FBrK3P1mwM,[]
Los Lonely Boys,48.0,Los Lonely Boys,spotify:artist:4aSEmLLxLX9wR5aLMllOKj,[]
,,,,
,,,,
,,,,
,,,,
,,,,
,,,,
,,,,
,,,,
,,,,
,,,,
,,,,
,,,,
The Premiers,12.0,The Premiers,spotify:artist:7j1U73GyJma4AM3T5C7Dmc,['classic garage rock']
Edison Lighthouse,60.0,Edison Lighthouse,spotify:artist:1NRzxuPpdGushT8YmF5NAa,['bubblegum pop']
Larry Groce,43.0,Larry Groce,spotify:artist:2z9Y52xPb933l5cs0GNvnc,['nursery']
Barbra Streisand & Barry Gibb,7.0,Barbra Streisand & Barry Gibb,spotify:artist:0VqzHUFIa0bcRuN6HEbJKo,[]
Queen Latifah,54.0,Queen Latifah,spotify:artist:5m7wCUhYhBh7A3A3YMxrbt,"['conscious hip hop', 'east coast hip hop', 'golden age hip hop', 'hip hop', 'hip pop', 'new jersey rap']"
Craig Mack,49.0,Craig Mack,spotify:artist:4akj4uteQQrrGxhX9Rjuyf,"['gangster rap', 'hardcore hip hop', 'hip hop', 'hip pop', 'rap']"
,,,,
,,,,
,,,,
Macy Gray,61.0,Macy Gray,spotify:artist:4ylR3zwA0zaapAu94fktwa,['neo soul']
,,,,
The Wreckers,44.0,The Wreckers,spotify:artist:2jI32eTOcSx2bn1MGgRyei,"['candy pop', 'country dawn']"
Kate Voegele,40.0,Kate Voegele,spotify:artist:7whckrkkTMEuvqfaNfMs7S,"['neo mellow', 'post-teen pop']"
,,,,
,,,,
,,,,
,,,,
,,,,
Bhad Bhabie,59.0,Bhad Bhabie,spotify:artist:7DuTB6wdzqFJGFLSH17k8e,"['rap', 'social media pop', 'trap queen', 'viral rap']"
Betty Johnson,15.0,Betty Johnson,spotify:artist:7n5Rqy8aTEBgVUlTo79EKY,"['cabaret', 'deep adult standards']"
Reg Owen & His Orchestra,4.0,Reg Owen And His Orchestra,spotify:artist:1LPvFG7XJIwKCCF8bUEFp4,"['light music', ""man's orchestra""]"
Wanda Jackson,50.0,Wanda Jackson,spotify:artist:5ZKMPRDHc7qElVJFh3uRqB,"['nashville sound', 'oklahoma country', 'rock-and-roll', 'rockabilly']"
Dorothy Moore,41.0,Dorothy Moore,spotify:artist:3KQOgtRIeQVHdYFcNHKavs,"['classic soul', 'southern soul']"
Toby Beau,12.0,Toby Beau,spotify:artist:37Gpwr7xXyEPC2YRDArWnu,[]
,,,,
Everything,59.0,Everything But The Girl,spotify:artist:13ccXrK7AmXb4TddMkE7jy,"['electronica', 'new wave pop', 'pop rock', 'sophisti-pop', 'trip hop']"
Case,54.0,Casey Donahew,spotify:artist:4bbloxL2d1IeYwuT2eIgib,['texas country']
Rage Against The Machine,72.0,Rage Against The Machine,spotify:artist:2d0hyoQ5ynDBnkvAbJKORj,"['alternative metal', 'alternative rock', 'conscious hip hop', 'funk metal', 'nu metal', 'political hip hop', 'rap metal', 'rap rock', 'rock']"
American Hi-Fi,50.0,American Hi-Fi,spotify:artist:4XlcLj6bxCnpBIOHmBpIWP,['skate punk']
,,,,
,,,,
,,,,
,,,,
,,,,
,,,,
,,,,
Michael Stipe,32.0,Michael Stipe,spotify:artist:2G1Lyk7bWbBBrtwyl3obNB,['athens indie']
,,,,
,,,,
Anne Hathaway,52.0,Anne Hathaway,spotify:artist:0nIyPY7J7G68WgQEOLHn0x,['hollywood']
,,,,
,,,,
,,,,
,,,,
,,,,
The Chordettes,52.0,The Chordettes,spotify:artist:62GnBjssWSXBlKvQohT2Bk,"['adult standards', 'classic girl group', 'doo-wop', 'vocal harmony group']"
Jesse Belvin,21.0,Jesse Belvin,spotify:artist:4u0qFtN4NZ1NjcvAw3HAGU,"['doo-wop', 'rhythm and blues']"
Kathy Linden,5.0,Kathy Linden,spotify:artist:7lcxoY1XE4kitd6d6CFPNl,['deep adult standards']
Paul Evans,21.0,Paul Evans,spotify:artist:1VCjlBPsXgs5YMMFDWw6nA,['novelty']
The Trade Winds,18.0,The Trade Winds,spotify:artist:31AImzoiPLZCHUvl344aA1,['wind symphony']
Lemon Pipers,34.0,The Lemon Pipers,spotify:artist:2rUmEpDSHKMhamwClclHs5,"['bubblegum pop', 'classic garage rock', 'freakbeat']"
,,,,
,,,,
Lindsey Buckingham,51.0,Lindsey Buckingham,spotify:artist:3Dzj993UEz8Z5ovxuirzFO,"['album rock', 'art rock', 'classic rock', 'mellow gold', 'singer-songwriter', 'soft rock']"
,,,,
Prince And The New Power Generation,72.0,Prince,spotify:artist:5a2EaR3hamoenG9rDuVn8j,"['funk', 'funk rock', 'minneapolis sound', 'synth funk']"
Lucas,72.0,Joyner Lucas,spotify:artist:6C1ohJrd5VydigQtaGy5Wa,"['boston hip hop', 'hip hop', 'pop rap', 'rap']"
Los Del Rio,59.0,Los Pescadores Del Rio Conchos,spotify:artist:3h88VTqRj3GbUd2W41ZY5U,"['musica mexicana', 'norteno', 'norteno-sax', 'nueva musica mexicana']"
Abra Moore,14.0,Abra Moore,spotify:artist:4Nfj9qeKS8OmfFmOA6K6K2,"['ectofolk', 'lilith', 'new wave pop']"
,,,,
,,,,
,,,,
Steve Holy,45.0,Steve Holy,spotify:artist:0iYwcf0XreyCAswJOJMOII,"['country', 'country road', 'modern country rock']"
,,,,
Mitchel Musso,35.0,Mitchel Musso,spotify:artist:3IcF2f5vEkY6HPQfLlQDlw,['post-teen pop']
,,,,
,,,,
,,,,
Juliet Simms,37.0,Juliet Simms,spotify:artist:1hlXIybvN1I8r3ooBEkYRh,['deep talent show']
Terry McDermott,13.0,Terry McDermott,spotify:artist:70vDOyUxrgVhYM63LkJfvV,['deep talent show']
,,,,
,,,,
,,,,
,,,,
,,,,
,,,,
Famous Dex,61.0,Famous Dex,spotify:artist:0WOxhx4hikIsyF3CRPLC8W,"['chicago rap', 'drill', 'rap', 'southern hip hop', 'trap', 'vapor trap', 'viral rap']"
,,,,
,,,,
,,,,
U.S. Bonds,35.0,Gary U.S. Bonds,spotify:artist:1Qw8MHpjYxm9Xf0O1ZfPiX,"['rhythm and blues', 'rock-and-roll', 'rockabilly']"
Mantovani & His Orch.,48.0,Mantovani,spotify:artist:4l2d1CRNjXgG4RBoA89Kle,"['adult standards', 'easy listening', 'lounge']"
,,,,
,,,,
Bill Cosby,20.0,Bill Cosby,spotify:artist:4JeqRr8Upw5uxLEu6jgIRm,['comedy']
,,,,
Van Stephenson,20.0,Van Stephenson,spotify:artist:0ndwxW5uCztT6XuWhKYQy4,[]
Biz Markie,51.0,Biz Markie,spotify:artist:22282KfMxDo2PMjnBc82I4,"['east coast hip hop', 'electro', 'gangster rap', 'golden age hip hop', 'hardcore hip hop', 'hip hop', 'hip house', 'old school hip hop', 'rap']"
Kaoma,57.0,Kaoma,spotify:artist:1LsXqDdYVyONhrjAORENbu,['zouk']
Faith No More,64.0,Faith No More,spotify:artist:6GbCJZrI318Ybm8mY36Of5,"['alternative metal', 'alternative rock', 'funk metal', 'funk rock', 'hard rock', 'nu metal', 'rap metal', 'rap rock', 'rock']"
,,,,
Splender,33.0,Splender,spotify:artist:13C1r67pHZXIokdommj2dF,"['grunge pop', 'pop rock']"
,,,,
,,,,
,,,,
,,,,
,,,,
OK Go,56.0,OK Go,spotify:artist:3hozsZ9hqNq7CoBGYNlFTz,"['alternative rock', 'chicago indie', 'indie rock', 'modern alternative rock', 'modern rock', 'permanent wave', 'pop rock', 'rock']"
,,,,
,,,,
,,,,
,,,,
,,,,
,,,,
,,,,
,,,,
,,,,
Vincent Edwards,0.0,Vincent Edwards,spotify:artist:1LAYhPh80qlOTEW9QnwFFI,[]
"Bobby ""Boris"" Pickett And The Crypt-Kickers",16.0,"Bobby ""Boris"" Pickett & The Crypt-Kickers",spotify:artist:1QM4zJDvUZPB1oX0pGLkjg,['halloween']
,,,,
Soul Survivors,28.0,The Soul Survivors,spotify:artist:77oyFDj00Afu8tjXDy5CDs,[]
Mercy,64.0,MercyMe,spotify:artist:6APm8EjxOHSYM5B4i3vT3q,"['ccm', 'christian alternative rock', 'christian indie', 'christian music', 'worship']"
Zager & Evans,37.0,Zager & Evans,spotify:artist:55IyYO6fmYpYw6Nd4YF7bw,['bubblegum pop']
,,,,
Don Covay,28.0,Don Covay,spotify:artist:3SC1GczHVpsiorx1KFaa4S,"['classic soul', 'rhythm and blues', 'soul', 'southern soul']"
Korona,17.0,Korona,spotify:artist:2npdT7I0UoOmtDkDgsRdRQ,[]
John O'Banion,7.0,John O'Banion,spotify:artist:3q143cJhNgGc8GUqJKOzcZ,['yacht rock']
Greg Kihn,48.0,The Greg Kihn Band,spotify:artist:1Yyag4BRejtPxsKTrSkKDz,['album rock']
Scarface,58.0,Scarface,spotify:artist:19KwjzvIL92r29IINtlPNP,"['conscious hip hop', 'dirty south rap', 'gangster rap', 'hardcore hip hop', 'hip hop', 'houston rap', 'rap', 'southern hip hop', 'trap']"
Forest For The Trees,4.0,Clinging to the Trees of a Forest Fire,spotify:artist:6W8whSfhlf8gFQp7NTGfT8,"['denver metal', 'grindcore', 'mathgrind']"
The Tuesdays,12.0,The Ruby Tuesdays,spotify:artist:6JYSuMhap1mXgByUXxEHb7,['britpop revival']
M2M,52.0,M2M,spotify:artist:0ZzYDST6Dib7iYd8hmcLcH,"['candy pop', 'dance pop', 'europop', 'girl group', 'norwegian pop', 'pop rock', 'post-teen pop']"
,,,,
Jane's Addiction,57.0,Jane's Addiction,spotify:artist:02NfyD6AlLA12crYzw5YcR,"['alternative metal', 'alternative rock', 'blues rock', 'funk metal', 'funk rock', 'grunge', 'nu metal', 'permanent wave', 'pop rock', 'rap rock', 'rock']"
,,,,
311,62.0,311,spotify:artist:41Q0HrwWBtuUkJc7C1Rp6K,"['alternative metal', 'alternative rock', 'funk metal', 'funk rock', 'nu metal', 'pop rock', 'rap rock', 'reggae fusion', 'rock']"
,,,,
,,,,
,,,,
The Lonely Island,60.0,The Lonely Island,spotify:artist:1f5GqyOPo0CkotzzRwviBu,"['comedy rap', 'comic', 'pop rap']"
Rebecca Black,50.0,Rebecca Black,spotify:artist:3Vl9fyKMIdLMswk8ai3mm9,"['electropop', 'escape room', 'hyperpop', 'pop', 'post-teen pop']"
,,,,
,,,,
,,,,
,,,,
Jacob Sartorius,42.0,Jacob Sartorius,spotify:artist:6czdbISBoxGckbBX8F4m8L,"['social media pop', 'teen pop']"
,,,,
,,,,
,,,,
,,,,
,,,,
Oscar McLollie and Jeanette Baker,0.0,Oscar McLollie & Jeanette Baker,spotify:artist:1SG9GGybPmnNcmtqGYcp4Q,[]
Eddie Harris,35.0,Eddie Harris,spotify:artist:0bcDOCWIbvWApEIB7l1uZ4,"['instrumental soul', 'jazz funk', 'soul jazz']"
The Blue Jays,14.0,The Blue Jays,spotify:artist:0Ltq9YVYlWwbqP48jpG51X,['doo-wop']
,,,,
J. Frank Wilson and The Cavaliers,27.0,J. Frank Wilson & The Cavaliers,spotify:artist:4vw8nqsMRW93XuZpXOcOHD,[]
,,,,
The Mirettes,2.0,The Mirettes,spotify:artist:03bdnCULhXP91INaWhfq9l,[]
Eddie Holman,39.0,Eddie Holman,spotify:artist:4hLuzWVCPicO3nNHfFvB32,"['classic soul', 'northern soul', 'philly soul', 'souldies']"
Raydio,42.0,Raydio,spotify:artist:1VQ7baxc9Okx2YuRnpKMMR,['yacht rock']
,,,,
Big Country,48.0,Big Country,spotify:artist:1h8YIw9HLr6E8gdXVDRbVJ,"['new romantic', 'new wave', 'new wave pop', 'scottish new wave', 'scottish rock']"
John Taylor,47.0,Johnnie Taylor,spotify:artist:4OGuNAnRFWZOgOA2d51taz,"['funk', 'memphis soul', 'quiet storm', 'soul', 'soul blues', 'southern soul']"
,,,,
,,,,
DJ Quik,55.0,DJ Quik,spotify:artist:0b2XeWDPeBiLeskT6RFqMb,"['g funk', 'gangster rap', 'hardcore hip hop', 'hip hop', 'popping', 'rap', 'southern hip hop', 'west coast rap']"
,,,,
,,,,
,,,,
Travis Tritt,65.0,Travis Tritt,spotify:artist:2M4Yt7oKGoYd0wqU44k4i2,"['contemporary country', 'country', 'country road', 'country rock', 'outlaw country']"
Steve Azar,39.0,Steve Azar,spotify:artist:6x9fdTmlcJVJtChlLgT1G3,"['country', 'country road']"
B2K,54.0,B2K,spotify:artist:51d3rUlLuMh7EW09aMe7yj,"['boy band', 'contemporary r&b', 'dance pop', 'hip hop', 'hip pop', 'pop rap', 'r&b', 'urban contemporary']"
Emerson Drive,43.0,Emerson Drive,spotify:artist:1efrXlPhLKv7PvgUxVcqIS,"['alberta country', 'canadian contemporary country', 'canadian country', 'contemporary country', 'country', 'country road', 'modern country rock']"
,,,,
,,,,
,,,,
,,,,
August Alsina,63.0,August Alsina,spotify:artist:19Fi1Rj7kk8kyiwxpXy3yM,"['pop r&b', 'pop rap', 'r&b', 'trap', 'urban contemporary']"
Adam Wakefield,28.0,Adam Wakefield,spotify:artist:6vVB9hUpiPCp5SWAYwSzUt,"['country pop', 'roots americana']"
Kris Wu,39.0,Kris Wu,spotify:artist:2lbUjuMzHkT4qIECvk2f3L,"['chinese hip hop', 'chinese idol pop']"
,,,,
,,,,
,,,,
Little Peggy March,23.0,Little Peggy March,spotify:artist:09vvlnqwFaimZwGAvpXgqy,[]
Boston Pops Orchestra Arthur Fiedler,59.0,Boston Pops Orchestra,spotify:artist:7CIcEIOiWaZcEH35cpsdZq,"['adult standards', 'easy listening', 'pops orchestra']"
Them,55.0,Them Dirty Roses,spotify:artist:6n9Ciz68f2aZF98RAdshe6,['modern southern rock']
P.J. Proby,26.0,P.J. Proby,spotify:artist:3g4Os4LNZvOQUaokeSLCwG,"['classic uk pop', 'merseybeat', 'rock-and-roll']"
Canned Heat,58.0,Canned Heat,spotify:artist:27a0GiCba9K9lnkKidroFU,"['album rock', 'blues', 'blues rock', 'classic rock', 'country rock', 'electric blues', 'folk rock', 'hard rock', 'mellow gold', 'psychedelic rock', 'rock', 'roots rock']"
,,,,
Mungo Jerry,52.0,Mungo Jerry,spotify:artist:2mbvqMGpwLsakeH45p1Jrb,"['british blues', 'bubblegum pop', 'classic uk pop']"
The James Brown Soul Train,8.0,The James Brown Soul Train,spotify:artist:1oyEDC7pq66tOiz4BnC6mo,[]
Billy Paul,56.0,Billy Paul,spotify:artist:187xgSpsFH8mMbAcoCW0zE,"['classic soul', 'disco', 'funk', 'philly soul', 'quiet storm', 'soul', 'southern soul']"
Pebbles,57.0,Pebbles The Invisible Girl,spotify:artist:7AQJ6lwVCcej6eKZXQZus4,[]
John Forte,44.0,John Forte,spotify:artist:1damanY48OjG8KZHLdsSNo,[]
,,,,
Aaron Tippin,51.0,Aaron Tippin,spotify:artist:4XwKU420OWVk38vz1KvH3M,"['country', 'country road', 'country rock', 'redneck']"
,,,,
,,,,
David Lee Murphy,57.0,David Lee Murphy,spotify:artist:78OAtwN3XpjMcjibnF2Kw5,"['contemporary country', 'country', 'country road', 'country rock', 'modern country rock']"
Billy Dean,46.0,Billy Dean,spotify:artist:3cMyqwpNT2D8f0WuaRzzZX,"['bluegrass gospel', 'country', 'country road', 'country rock']"
,,,,
,,,,
,,,,
,,,,
,,,,
,,,,
,,,,
M83.,72.0,M83,spotify:artist:63MQldklfxkjYDoUE4Tppz,"['french shoegaze', 'french synthpop', 'indietronica', 'metropopolis', 'neo-synthpop']"
Neon Trees,66.0,Neon Trees,spotify:artist:0RpddSzUHfncUWNJXKOsjy,"['indie poptimism', 'modern alternative rock', 'modern rock', 'pop rock', 'rock']"
,,,,
,,,,
,,,,
,,,,
,,,,
,,,,
Giveon,81.0,Giveon,spotify:artist:4fxd5Ee7UefO4CUXgwJ7IP,"['pop', 'r&b']"
,,,,
Leroy Van Dyke,41.0,Leroy Van Dyke,spotify:artist:6fU4BXH81Y9lMOopk9ida3,['nashville sound']
,,,,
Bobby Fuller Four,46.0,The Bobby Fuller Four,spotify:artist:5XoM6cP8fQykllfuK5V5TR,"['bubblegum pop', 'classic garage rock', 'merseybeat']"
Billy Swan,43.0,Billy Swan,spotify:artist:6nNkKMkPl1qBCEW3Al9eVV,['swamp pop']
,,,,
,,,,
Jonathan Butler,44.0,Jonathan Butler,spotify:artist:5gl2M2G5Dn5XTEW30iMMoD,"['smooth jazz', 'smooth saxophone', 'south african jazz']"
Jane Child,36.0,Jane Child,spotify:artist:5JBif5ahOKFFVuEpHhrp8Y,['new wave pop']
Positive K,32.0,Positive K,spotify:artist:5NtJpNZgRqBvRCq6OE08ZU,"['bronx hip hop', 'east coast hip hop']"
Beck,80.0,Becky G,spotify:artist:4obzFoKoKRHIphyHzJ35G3,"['dance pop', 'latin pop', 'latin viral pop', 'pop', 'rap latina', 'reggaeton']"
Gabrielle,62.0,Gabrielle Aplin,spotify:artist:3w6zswp5THsSKYLICUbDTZ,"['acoustic pop', 'neo mellow', 'neo-singer-songwriter', 'pop', 'pop rock', 'uk pop', 'viral pop']"
Channel Live,31.0,Channel Live,spotify:artist:5qik0lR9qY7eQPYAK4OUTo,"['deep east coast hip hop', 'hardcore hip hop', 'turntablism']"
,,,,
Big Punisher,63.0,Big Pun,spotify:artist:2Xu7q46Hf02xOoEIm4E1Qs,"['bronx hip hop', 'east coast hip hop', 'gangster rap', 'hardcore hip hop', 'hip hop', 'hip pop', 'rap', 'southern hip hop']"
Vince Gill,64.0,Vince Gill,spotify:artist:3IhWQSrLj8EJjdvjFTpCyo,"['country', 'country rock', 'oklahoma country']"
,,,,
,,,,
,,,,
Sum 41,72.0,Sum 41,spotify:artist:0qT79UgT5tY4yudH9VfsdT,"['canadian pop punk', 'canadian punk', 'pop punk', 'punk']"
Styles,90.0,Harry Styles,spotify:artist:6KImCVD70vtIoJWnq6nGn3,['pop']
Musiq,60.0,Musiq Soulchild,spotify:artist:3UVRliakQfa1pMWIsNuiZ8,"['contemporary r&b', 'hip pop', 'neo soul', 'r&b', 'urban contemporary']"
Rebecca Lynn Howard,28.0,Rebecca Lynn Howard,spotify:artist:12bBoCZdPZbBEq1xHT0heD,"['country', 'country dawn']"
,,,,
Wayne Wonder,52.0,Wayne Wonder,spotify:artist:3kc5AFnL1TQQdNaMdSW2UO,"['dancehall', 'lovers rock', 'old school dancehall', 'reggae fusion', 'roots reggae', 'soca']"
,,,,
,,,,
,,,,
,,,,
,,,,
Heartland,44.0,Heartland,spotify:artist:6B10yUcmUVw4RPKe6j58E9,['country road']
The Fratellis,62.0,The Fratellis,spotify:artist:3M4ThdJR28z9eSMcQHAZ5G,"['alternative rock', 'garage rock', 'modern rock', 'rock', 'scottish rock']"
,,,,
,,,,
Kristinia DeBarge,44.0,Kristinia DeBarge,spotify:artist:5Z22vlK4DCgDrQgBEqfc8w,"['dance pop', 'electropop', 'post-teen pop']"
,,,,
Jana Kramer,49.0,Jana Kramer,spotify:artist:2PaRhxWFaqCUZybJDDoNrf,"['contemporary country', 'country', 'country dawn', 'country pop', 'country road', 'modern country rock']"
,,,,
Ella Henderson,75.0,Ella Henderson,spotify:artist:7nDsS0l5ZAzMedVRKPP8F1,"['dance pop', 'neo mellow', 'pop', 'pop dance', 'talent show', 'tropical house', 'uk pop']"
Ruth B,77.0,Ruth B.,spotify:artist:2WzaAvm2bBCf4pEhyuDgCY,"['alt z', 'canadian contemporary r&b', 'canadian pop', 'pop']"
,,,,
,,,,
,,,,
Trevor Daniel,68.0,Trevor Daniel,spotify:artist:7uaIm6Pw7xplS8Dy06V6pT,"['melodic rap', 'pop', 'pop rap', 'viral rap']"
,,,,
Georgie Young,0.0,TR Young Georgie,spotify:artist:6ya64w8FJpFQnEckyiBZ0a,[]
The Videls,16.0,The Videls,spotify:artist:5SUaDD55XXU5uxfjv4JM7K,"['doo-wop', 'soda pop']"
Louis Armstrong And The All Stars,73.0,Louis Armstrong,spotify:artist:19eLuQmk9aCobbVDHc6eek,"['adult standards', 'dixieland', 'harlem renaissance', 'jazz trumpet', 'new orleans jazz', 'swing', 'vocal jazz']"
Steam,58.0,Mannheim Steamroller,spotify:artist:0EeHVtSdrYibpGDVHjWEpe,['adult standards']
The Bells,33.0,The Bells,spotify:artist:66akX7UszLtTZqTTdcFvBL,['classic canadian rock']
England Dan & John Ford Coley,59.0,England Dan & John Ford Coley,spotify:artist:01W8kYNqFHyKicPfR0pLwO,"['adult standards', 'bubblegum pop', 'country rock', 'folk rock', 'mellow gold', 'soft rock']"
Stars On 45,46.0,Stars On 45,spotify:artist:4r8b3Hr0AMhzhAg75le0Gx,['disco']
,,,,
,,,,
Lisa Lisa And Cult Jam,46.0,Lisa Lisa & Cult Jam,spotify:artist:1vgjN6nIPNKiiQGE9PtzTT,"['electro', 'freestyle', 'funk', 'quiet storm', 'urban contemporary']"
,,,,
,,,,
Captain Hollywood Project,49.0,Captain Hollywood Project,spotify:artist:3El2sJgqTWkg1kkyHHAEu4,"['bubblegum dance', 'diva house', 'eurodance', 'europop', 'german techno', 'hip house']"
DRS,47.0,DRS,spotify:artist:0WCfu8x76QX3CjVgiE3Hn2,"['drum and bass', 'liquid funk', 'manchester hip hop']"
James,82.0,James Arthur,spotify:artist:4IWBUUAFIplrNtaOHcJPRM,"['pop', 'talent show', 'uk pop']"
4.0,29.0,Power Trackz 4.0,spotify:artist:4MsRgROX0i1txcTeJxTcYz,[]
Uncle Sam,34.0,Uncle Sam,spotify:artist:6hs28hHY3L7zsfC44xszAj,"['classic dubstep', 'contemporary r&b']"
,,,,
,,,,
,,,,
Frankie J,60.0,Frankie J,spotify:artist:3sMYEBy0CZFxedcnm9i9hf,"['dance pop', 'pop rap', 'r&b', 'urban contemporary']"
MercyMe,64.0,MercyMe,spotify:artist:6APm8EjxOHSYM5B4i3vT3q,"['ccm', 'christian alternative rock', 'christian indie', 'christian music', 'worship']"
,,,,
,,,,
Lloyd,67.0,Lloyd,spotify:artist:1Xfmvd48oOhEWkscWyEbh9,"['dance pop', 'hip pop', 'pop rap', 'r&b', 'southern hip hop', 'urban contemporary']"
,,,,
Gavin Rossdale,41.0,Gavin Rossdale,spotify:artist:6lBam1B1t8wpnH7pJHWnj6,['post-grunge']
,,,,
,,,,
,,,,
,,,,
,,,,
,,,,
,,,,
,,,,
,,,,
Morgan Evans,57.0,Morgan Evans,spotify:artist:6fzQ81ouajOEFqCIB9VwrS,"['australian country', 'australian pop', 'contemporary country', 'country', 'country road']"
,,,,
,,,,
,,,,
The Little Dippers,45.0,The Little Dippers,spotify:artist:0cT2S58Ulp0BGro6KXAm56,[]
,,,,
The Chantels,37.0,The Chantels,spotify:artist:08kLJJHCIH3KZGk4FZmWSK,"['brill building pop', 'classic girl group', 'classic soul', 'doo-wop', 'rhythm and blues', 'souldies']"
Anna King,0.0,Anna King,spotify:artist:3MQ6Mwcq3DFRQzWX4tC1dD,[]
,,,,
Harlow Wilcox and the Oakies,5.0,Harlow Wilcox & The Oakies,spotify:artist:2eHFawPAARjoxXETpHGQ0Y,[]
Vanity Fare,31.0,Vanity Fare,spotify:artist:0Wt8hmgHtXUgwsLg5NpMZv,"['bubblegum pop', 'classic uk pop', 'merseybeat']"
Kris Kristofferson,65.0,Kris Kristofferson,spotify:artist:0vYQRW5LIDeYQOccTviQNX,"['country rock', 'folk', 'folk rock', 'mellow gold', 'outlaw country', 'roots rock', 'singer-songwriter']"
,,,,
,,,,
,,,,
,,,,
Alton McClain & Destiny,5.0,Alton McClain & Destiny,spotify:artist:7ERhQyRZQpfYARqiv4L9Dh,[]
Greg Kihn Band,48.0,The Greg Kihn Band,spotify:artist:1Yyag4BRejtPxsKTrSkKDz,['album rock']
Walter Egan,35.0,Walter Egan,spotify:artist:3jaS8HCylkZ3YKhn5t20DU,['soft rock']
Rick Dees,18.0,Rick Dees And His Cast Of Idiots,spotify:artist:1NXHmX8Ce3PgDrEixLWBSS,[]
Loose Ends,47.0,Loose Ends,spotify:artist:4q3lWHEW55hoLJNzZskFVo,"['brit funk', 'contemporary r&b', 'funk', 'neo soul', 'post-disco', 'quiet storm', 'soul', 'urban contemporary']"
,,,,
,,,,
Steelheart,48.0,STEELHEART,spotify:artist:0ecbvwhuhiEAWOLHlRXpqD,"['glam metal', 'hard rock', 'sleaze rock']"
Martika,42.0,Antti Martikainen,spotify:artist:5GETpZjqNPFTHpVOousGeo,['epicore']
,,,,
Father M.C.,1.0,Father M.C.,spotify:artist:5mGOvdWV0MzkQXIG9CQgI5,[]
Snoop Doggy Dogg,84.0,Snoop Dogg,spotify:artist:7hJcb9fa4alzcOq3EaNPoG,"['g funk', 'gangster rap', 'hip hop', 'pop rap', 'rap', 'west coast rap']"
Jill Sobule,30.0,Jill Sobule,spotify:artist:16BoY9HfrtxVodHVdgad07,"['ectofolk', 'lilith']"
,,,,
DJ Kool,46.0,DJ Kool,spotify:artist:1SWGyp2nxNSyQkRX1eqoUp,['old school hip hop']
,,,,
,,,,
,,,,
Five,87.0,Maroon 5,spotify:artist:04gDigrS5kc9YWfZHwBETP,['pop']
Everclear,60.0,Everclear,spotify:artist:694QW15WkebjcrWgQHzRYF,"['alternative metal', 'alternative rock', 'permanent wave', 'pop rock', 'post-grunge', 'rock']"
Marc Anthony,78.0,Marc Anthony,spotify:artist:4wLXwxDeWQ8mtUIRPxGiD6,"['latin pop', 'modern salsa', 'salsa', 'tropical']"
,,,,
Hot Boys,40.0,Hot Boys,spotify:artist:0ecnb1WPePfrHg4yfQfmqN,"['deep southern trap', 'new orleans rap']"
Sisqo,59.0,Sisqo,spotify:artist:6x9QLdzo6eBZxJ1bHsDkjg,"['contemporary r&b', 'hip hop', 'hip pop', 'r&b', 'urban contemporary']"
,,,,
Blue County,9.0,Blue County,spotify:artist:6zvltSMSFDRsPDs8IneC1A,['country road']
Ashley Tisdale,54.0,Ashley Tisdale,spotify:artist:2ddxtfC0oS8LoktXUHE7YL,"['dance pop', 'pop', 'post-teen pop']"
Jack Ingram,47.0,Jack Ingram,spotify:artist:7HNEfHmDlFofG6YnMt8G7N,"['contemporary country', 'country road', 'texas country']"
Muse,77.0,Muse,spotify:artist:12Chz98pHFMPJEknJQMWvI,"['modern rock', 'permanent wave', 'rock']"
,,,,
The Black Keys,72.0,The Black Keys,spotify:artist:7mnBLXK823vNxN3UWB7Gfz,"['alternative rock', 'blues rock', 'garage rock', 'modern blues rock', 'modern rock', 'punk blues', 'rock', 'roots rock']"
,,,,
Hailee Steinfeld,73.0,Hailee Steinfeld,spotify:artist:5p7f24Rk5HkUZsaS3BLG5F,"['dance pop', 'pop', 'post-teen pop']"
,,,,
,,,,
Ronnie Hawkins and The Hawks,6.0,Ronnie Hawkins and The Hawks,spotify:artist:7wngg77nJAFHLvmvGnlE2g,[]
Tommy Sands,25.0,Tommy Sands,spotify:artist:651IBnnG9nIIXO4N40bR6c,"['deep adult standards', 'rhythm and blues', 'rock-and-roll', 'rockabilly']"
The Larks,33.0,Don Julian & The Larks,spotify:artist:15FPSd4ron3lLiv8A4V97y,['rhythm and blues']
The G-Clefs,5.0,The Gospel Clefs,spotify:artist:6AEkDmgr6caMdwEwwDPrkv,[]
The Rocky Fellers,6.0,The Rocky Fellers,spotify:artist:0kAHBQ5DaRNcNWrWkNdqeF,[]
Tommy Tucker,30.0,Tommy Tucker,spotify:artist:3Hu7yAx1kVULnXjSznYZRf,[]
Syndicate Of Sound,20.0,Syndicate Of Sound,spotify:artist:2y84iEkH5jHZcou93YUSXE,"['classic garage rock', 'deep classic garage rock', 'freakbeat']"
"Oscar Toney, Jr.",7.0,"Oscar Toney, Jr.",spotify:artist:0j6dT8Nkqg3miEAdFHKfYE,['southern soul']
Ella Washington,6.0,Ella Washington,spotify:artist:4IJouZNBBYaHVRJnLXPfta,['deep southern soul']
Garland Green,26.0,Garland Green,spotify:artist:7kur1FACDVzvkdJFrliSzX,"['chicago soul', 'classic soul', 'souldies', 'southern soul']"
,,,,
,,,,
Alan Parsons,64.0,The Alan Parsons Project,spotify:artist:2m62cc253Xvd9qYQ8d2X3d,"['album rock', 'art rock', 'classic rock', 'mellow gold', 'progressive rock', 'soft rock', 'symphonic rock']"
John Paul Young,52.0,John Paul Young,spotify:artist:2wMcQIxzH2LYHJZNxo9FcN,"['australian dance', 'australian rock', 'classic uk pop']"
Benny Mardones,44.0,Benny Mardones,spotify:artist:6ZalUpnU8HaHSjROM92Txw,['soft rock']
Louise Tucker,29.0,Louise Tucker,spotify:artist:1nWVPdf2KdNCEeh326GwXv,[]
,,,,
Ice-T,55.0,Tommy Ice,spotify:artist:3AUIYVmhwrsw8UOPHEv91Z,"['emo rap', 'sad rap']"
Daryl Braithwaite,51.0,Daryl Braithwaite,spotify:artist:4t52ndk0OkAxtb4vMDLPhe,"['australian pop', 'australian rock']"
Annie Lennox,71.0,Annie Lennox,spotify:artist:5MspMQqdVbdwP6ax3GXqum,"['mellow gold', 'new wave pop', 'pop rock', 'singer-songwriter', 'soft rock']"
,,,,
,,,,
Samantha Cole,35.0,Samantha Cole,spotify:artist:4VnMJXQpix0onjop2VNFvX,[]
Deja Vu,40.0,Dejavu,spotify:artist:0tno7W0C12cFjI8alAS0eb,['venezuelan hip hop']
Nastyboy Klick,37.0,Nastyboy Klick,spotify:artist:2kZ6dVdEkEs8YjlLy2dsky,"['chicano rap', 'latin hip hop']"
,,,,
Queens Of The Stone Age,70.0,Queens of the Stone Age,spotify:artist:4pejUc4iciQfgdX6OKulQn,"['alternative metal', 'alternative rock', 'blues rock', 'modern rock', 'nu metal', 'palm desert scene', 'rock', 'stoner metal', 'stoner rock']"
Heather Headley,45.0,Heather Headley,spotify:artist:2xDc4cU0Rj6YG8SrmAHIy0,"['neo soul', 'r&b', 'urban contemporary']"
Taking Back Sunday,63.0,Taking Back Sunday,spotify:artist:24XtlMhEMNdi822vi0MhY1,"['emo', 'pop punk']"
Artists Stand Up To Cancer,33.0,Artists Stand Up To Cancer,spotify:artist:5UHeeAHp48bScX1RfoUt8m,['musical advocacy']
,,,,
will.i.am,74.0,will.i.am,spotify:artist:085pc2PYOi8bGKj0PNjekA,"['dance pop', 'pop', 'pop rap']"
,,,,
,,,,
,,,,
Bea Miller,70.0,Bea Miller,spotify:artist:1o2NpYGqHiCq7FoiYdyd1x,"['alt z', 'dance pop', 'electropop', 'indie poptimism', 'pop', 'post-teen pop', 'talent show']"
,,,,
,,,,
Enoch Light & The Light Brigade,8.0,Enoch Light & The Light Brigade,spotify:artist:1hnDQcERL0WOQuuSSDni0T,[]
Edmundo Ros and His Orchestra,33.0,Edmundo Ros & His Orchestra,spotify:artist:3CbSEqhKsYhEVQBj1tF1Kv,"['ballroom', 'easy listening', ""man's orchestra""]"
Charlie Drake,17.0,Charlie Drake,spotify:artist:4wI66rq9yElydiZgNL8lHA,"['british comedy', 'music hall']"
,,,,
Baby Washington,29.0,Baby Washington,spotify:artist:29afta7TiMlvY1fkgaFJcH,"['beach music', 'classic soul', 'rhythm and blues', 'southern soul']"
Joey Powers,6.0,Joey Powers,spotify:artist:34zudYAaTtp0ulMMSpdcrc,['deep adult standards']
Terry Stafford,31.0,Terry Stafford,spotify:artist:4kmoIUly5v8RsaKDhevAjT,['oklahoma country']
Betty Everett,47.0,Betty Everett,spotify:artist:53jXEVVJtpaWVQ3ffvhDtl,"['chicago soul', 'classic soul', 'rhythm and blues', 'soul', 'southern soul']"
Jonathan King,26.0,Jonathan King,spotify:artist:1bvo51530qqjHyHapoE7N2,"['bubblegum pop', 'classic uk pop', 'merseybeat']"
The Precisions,3.0,The Precisions,spotify:artist:04wcvutO63WXxkQtmuQKkh,['northern soul']
Shorty Long,28.0,Shorty Long,spotify:artist:3J11x63maeBtbx8zXgzftQ,['motown']
The Cowsills,41.0,The Cowsills,spotify:artist:4ZSzroBNV7HzBDO9aohuF1,"['bubblegum pop', 'folk rock', 'merseybeat', 'underground power pop']"
James Gang,52.0,James Gang,spotify:artist:5hfOHpGMsi8O3DA0ROLGqF,"['album rock', 'art rock', 'blues rock', 'british blues', 'classic rock', 'country rock', 'folk rock', 'hard rock', 'mellow gold', 'rock', 'roots rock', 'singer-songwriter', 'soft rock', 'southern rock', 'symphonic rock']"
Freddie Hart,15.0,Freddie Hart,spotify:artist:2cyENLzpUJ2GfZJwmWxlI4,['classic country pop']
,,,,
,,,,
Paul Nicholas,28.0,Paul Nicholas,spotify:artist:0IZKN6jW1R51jYXBw6FC2V,[]
,,,,
Eurogliders,39.0,Eurogliders,spotify:artist:48kXmrNGCBMAz7N8x1J2na,['australian rock']
What Is This,5.0,What Child Is This?,spotify:artist:3vCjEnxudX6dl4C5heYl1v,[]
Jimmy Davis & Junction,5.0,Jimmy Davis & Junction,spotify:artist:2FoHRKcDEOgMNctbXHWsQj,[]
Boys Club,35.0,Psycho Boys Club,spotify:artist:17NhTFMWDCB9nU8eDbRWiu,[]
Digital Underground,56.0,Digital Underground,spotify:artist:7jocoSCuCtpCxCI6IbP8ye,"['conscious hip hop', 'funk', 'gangster rap', 'hardcore hip hop', 'hip hop', 'hip house', 'rap', 'west coast rap']"
Snow,68.0,Snøw,spotify:artist:5fSVkkuijRIpxuvSqysYiP,"['sad lo-fi', 'sad rap']"
The Cranberries,73.0,The Cranberries,spotify:artist:7t0rwkOPGlDPEhaOcVtOt9,"['irish rock', 'pop rock']"
Leah Andreone,12.0,Leah Andreone,spotify:artist:2ov2f5yawnEga8dJH2c5Xl,['lilith']
,,,,
,,,,
,,,,
,,,,
,,,,
Anais,62.0,Anaïs Mitchell,spotify:artist:7K5Lm5dxoEwEpOS0Fc3l3s,['indie folk']
Plain White T's,65.0,Plain White T's,spotify:artist:1g1yxsNVPhMUl9GrMjEb2o,"['neo mellow', 'pop punk', 'pop rock']"
DAY26,42.0,DAY26,spotify:artist:7dpKVB4mK3ufNdZOpMKtrd,"['boy band', 'contemporary r&b', 'hip pop', 'r&b', 'urban contemporary']"
,,,,
,,,,
The Pussycat Dolls,70.0,The Pussycat Dolls,spotify:artist:6wPhSqRtPu1UhRCDX5yaDJ,"['dance pop', 'girl group', 'pop', 'post-teen pop', 'urban contemporary']"
,,,,
,,,,
,,,,
,,,,
,,,,
,,,,
,,,,
,,,,
,,,,
,,,,
,,,,
,,,,
,,,,
,,,,
Cliff Richard and The Drifters,33.0,Cliff Richard & The Drifters,spotify:artist:1yAdL4L8voXQspjN6rdj4b,"['merseybeat', 'rock-and-roll']"
,,,,
"Joiner, Arkansas Junior High School Band",0.0,"Joiner, Arkansas Jr. High School Band",spotify:artist:0pKSzgzoe56pxrgtFaxOnt,['school ensemble']
The Fendermen,22.0,The Fendermen,spotify:artist:2hOXOavOPsbPgls3ebJLFp,[]
H.B. Barnum,1.0,H.B. Barnum,spotify:artist:6LezSLTlOkiARiTaTX2a2A,[]
The Roommates,3.0,The Roommates,spotify:artist:3ivplYQLgLGcfqzrnH7N6F,[]
Matt Monro,55.0,Matt Monro,spotify:artist:06kr5yNAM2rOf4DXemM8fl,"['adult standards', 'easy listening', 'lounge']"
Richard Hayman And His Orchestra,6.0,Richard Hayman & His Orchestra,spotify:artist:6rUa5Spu1A7O98MketkcX7,"[""man's orchestra""]"
The Blue-Belles,1.0,The Bluesy Belles,spotify:artist:4ZC7FLYJxxbGIQ8ltgVafH,[]
Johnny Thunder,38.0,Johnny Thunders,spotify:artist:421A23lYymEUE6SozCfWbr,"['glam punk', 'glam rock', 'instrumental surf', 'protopunk', 'pub rock', 'punk', 'punk blues']"
Sandy Stewart,0.0,Sandy Stewart,spotify:artist:7bnHnN5m7IwwrUv44SUhkX,[]
,,,,
,,,,
The Swinging Blue Jeans,44.0,The Swinging Blue Jeans,spotify:artist:5gNduPlUGHsgy1w7f71obH,"['british invasion', 'bubblegum pop', 'merseybeat', 'rock-and-roll', 'rockabilly']"
The Detergents,2.0,The Detergents,spotify:artist:1WbH0e5a1gdnw5oVPZ8OJV,[]
Richard Burton,41.0,Richard Burton,spotify:artist:3axaLrA0gIANDLYAv9pC9P,['vintage broadway']
The Fortunes,42.0,The Fortunes,spotify:artist:4GpIeE34rBNFppvYsWle9c,"['adult standards', 'british invasion', 'bubblegum pop', 'classic uk pop', 'folk rock', 'merseybeat', 'nederpop', 'rock-and-roll']"
Vikki Carr,51.0,Vikki Carr,spotify:artist:3tM3DTmG7ahfACzwqtazLD,['adult standards']
Scott McKenzie,51.0,Scott McKenzie,spotify:artist:7d7AZ3CQC457bFhK0wHpSO,['bubblegum pop']
The Friends Of Distinction,38.0,The Friends Of Distinction,spotify:artist:2KK4fR5VwOjGzJxjbGxMIu,['classic soul']
Mama Cass Elliot,6.0,Mama Cass Elliot,spotify:artist:1VDgSKNnqmAhg9bc2dgQ0S,[]
Johnny Cash & June Carter,75.0,Johnny Cash,spotify:artist:6kACVPfCOnqzgfEF5ryl0x,"['arkansas country', 'outlaw country']"
The Three Degrees,51.0,The Three Degrees,spotify:artist:2zpFG5cvw00QmrYTUsjApa,"['adult standards', 'classic girl group', 'disco', 'philly soul', 'quiet storm']"
Yvonne Elliman,50.0,Yvonne Elliman,spotify:artist:2d6JU9LvNhZR7AAtu4x2rS,['disco']
Brighter Side Of Darkness,22.0,Brighter Side of Darkness,spotify:artist:1DXoVRoj1Ay3KmhXoX0M5k,"['chicago soul', 'classic soul']"
,,,,
Edgar Winter Group,47.0,The Edgar Winter Group,spotify:artist:7j9PMegEgVN1fNp8NZXNCI,"['album rock', 'blues rock', 'classic rock', 'country rock', 'hard rock', 'soft rock']"
Minnie Riperton,54.0,Minnie Riperton,spotify:artist:2i1IdHG5w0wiSmJGoqAGlj,"['classic soul', 'disco', 'funk', 'neo soul', 'quiet storm', 'soul']"
Emmylou Harris,62.0,Emmylou Harris,spotify:artist:5s6TJEuHTr9GR894wc6VfP,"['country rock', 'folk', 'folk rock', 'lilith', 'melancholia', 'mellow gold', 'roots rock', 'singer-songwriter']"
Penny Mclean,26.0,Penny McLean,spotify:artist:2EqPo7BwJq5UJsE5nWqgrk,[]
,,,,
Amy Holland,36.0,Amy Holland,spotify:artist:14cTO4S2dPhz4XuVEMMX3v,['yacht rock']
Get Wet,15.0,Get Wet,spotify:artist:69vUB5BBarDyTccTGcDVhI,['deep eurodance']
,,,,
Aldo Nova,39.0,Aldo Nova,spotify:artist:3jtTd1E9mBxYYU987s32Fm,"['album rock', 'canadian metal', 'classic canadian rock', 'glam metal', 'hard rock']"
Steel Breeze,30.0,Steel Breeze,spotify:artist:2ETBWoTMAG8RXkzZlnFtPi,[]
Heaven 17,45.0,Heaven 17,spotify:artist:5PYuBRQMHh7nWmdV076sH9,"['new romantic', 'new wave', 'new wave pop', 'sophisti-pop', 'synthpop']"
Jarreau,54.0,Al Jarreau,spotify:artist:3YR92OLKlvkK5oKNekSqXe,"['adult standards', 'smooth jazz', 'soft rock', 'yacht rock']"
,,,,
,,,,
LaToya Jackson,11.0,Latoya Jackson,spotify:artist:5HuSl4Q8gNb8p8Jc8K2Yyr,[]
Twisted Sister,64.0,Twisted Sister,spotify:artist:7b85ve82Sh36a3UAx74wut,"['album rock', 'glam metal', 'hard rock', 'metal', 'rock']"
"Isley, Jasper, Isley",30.0,"Isley, Jasper, Isley",spotify:artist:3QpJtjdcw4jiQpic9R4Mr0,"['quiet storm', 'urban contemporary']"
Robert Tepper,50.0,Robert Tepper,spotify:artist:5T1bhiyED6hokaKTechcKI,['album rock']
Boy George,48.0,Boy George,spotify:artist:2BWfZGPtsjRlRp7JTDqI45,"['new romantic', 'new wave', 'new wave pop', 'synthpop']"
Brenda K. Starr,40.0,Brenda K. Starr,spotify:artist:5Ne8hQEmy0eZu9hlE3j58B,['freestyle']
,,,,
SaFire,27.0,Safire,spotify:artist:3bPnZHwJqIfsZdVLiZbA0a,['freestyle']
The Butanes,8.0,The Butanes,spotify:artist:3zlUDjxwrKGcnAvgPG2c3L,[]
Freddy King,8.0,Freddy King,spotify:artist:6pwCX5jsLlyzZDiH2fTsya,[]
Sleepy King,0.0,King Sleepy,spotify:artist:3UpBuIVAT1kpggCIr2Y3Z5,[]
,,,,
April Stevens & Nino Tempo,28.0,Nino Tempo & April Stevens,spotify:artist:5s1WKkWyMzhGnLZ0ClgyTN,"['bubblegum pop', 'merseybeat']"
The Appalachians,0.0,The Appalachians,spotify:artist:4Nwx02kHU7EEVv51uguU2u,[]
The Hearts,51.0,The Lyon Hearts,spotify:artist:2PmIl3LOJlfzGgWvxrj1Hd,[]
Inez Foxx,19.0,Inez & Charlie Foxx,spotify:artist:6OlCESvM7vIkFZ6mv6iitB,[]
Lenny O'Henry,1.0,Lenny O'Henry,spotify:artist:0fbKD0UMXbSCr38vd3ESvo,[]
Billy Edd Wheeler,0.0,Billy Edd Wheeler,spotify:artist:1rGQjtSJ680Ucpsb1wwawV,[]
Eddie Rambeau,4.0,Eddie Rambeau,spotify:artist:2vzeZ315ZAIWYRooH58Oid,[]
The Gants,21.0,The Gants,spotify:artist:4hQdlCkPUoEWM0l4wSqJbz,"['classic garage rock', 'freakbeat', 'psychedelic rock']"
The Elgins,47.0,The Elgins,spotify:artist:0CMVsLgjlp9Tk02TikMAQK,"['classic soul', 'motown', 'soul']"
Mitty Collier,30.0,Mitty Collier,spotify:artist:0nDEW2hmRliyOfxJwO2CL9,"['chicago soul', 'classic soul', 'rhythm and blues', 'southern soul']"
,,,,
Julie Monday,0.0,Julie Monday,spotify:artist:32ukQDkOq2SJIaiOGaHv7W,[]
Cilla Black,42.0,Cilla Black,spotify:artist:3bCvHtuIXWXPbCMdSYudmZ,"['adult standards', 'brill building pop', 'bubblegum pop', 'classic uk pop', 'merseybeat', 'rock-and-roll']"
Jimmy Holiday,7.0,Jimmy Holiday,spotify:artist:6gOZp4VmgZVkbvEjIwzsTJ,['deep southern soul']
Liverpool Five,4.0,Liverpool Five,spotify:artist:3XQexYaGsSsNNEpsdLfJ2l,[]
Big Maybelle,36.0,Big Maybelle,spotify:artist:7yJXicqUOMPY5Iofua29C0,"['blues', 'jump blues', 'rhythm and blues', 'southern soul']"
Lou Courtney,3.0,Lou Courtney,spotify:artist:7fSioNqpL8eXp9IJoPcKP4,[]
,,,,
Moby Grape,30.0,Moby Grape,spotify:artist:0NHSh9S0VQiFfsEFbvhRXN,"['classic garage rock', 'country rock', 'folk rock', 'freakbeat', 'psychedelic rock']"
The Third Rail,5.0,The Third Rail,spotify:artist:5LL2DywIzLG6OHVjzlOFgw,[]
,,,,
The Human Beinz,41.0,The Human Beinz,spotify:artist:7KdxWrkwsSjIxyHL0HNtiv,"['classic garage rock', 'freakbeat', 'psychedelic rock']"
Grapefruit,24.0,Black Grapefruit,spotify:artist:13CHp8uQ13fYrZ4dOecqIG,[]
Jerry Lee Lewis,60.0,Jerry Lee Lewis,spotify:artist:2zyz0VJqrDXeFDIyrfVXSo,"['piano rock', 'rock-and-roll', 'rockabilly']"
,,,,
Arlo Guthrie,46.0,Arlo Guthrie,spotify:artist:0B6QEFtRnneEzb4iqjI0Nw,"['country rock', 'folk', 'folk rock', 'mellow gold', 'roots rock', 'singer-songwriter']"
Cannonball Adderley,58.0,Cannonball Adderley,spotify:artist:5v74mT11KGJqadf9sLw4dA,"['bebop', 'big band', 'cool jazz', 'hard bop', 'jazz', 'jazz blues', 'jazz fusion', 'vocal jazz']"
CROW,66.0,Casting Crowns,spotify:artist:6eJqAWJdd8JhAN1pQGie4r,"['ccm', 'christian alternative rock', 'christian music', 'worship']"
Brooklyn Bridge,22.0,Brooklyn Bridge,spotify:artist:56ddI2AjByeSuOtUyWeGUc,[]
Wadsworth Mansion,10.0,Wadsworth Mansion,spotify:artist:7Ms7NbAd3ltqXbU11HiRMH,[]
The Magic Lanterns,0.0,The Magic Lanterns,spotify:artist:4MsRrSmwLShaRyrttLSU9E,[]
Ballin' Jack,20.0,Ballin' Jack,spotify:artist:2sN3D6YgOGmLCgBHG9PfBa,[]
Rose Colored Glass,0.0,The Rose Colored Glasses,spotify:artist:3Z4BtFpUGjIVjHLKNfMmPc,[]
The Continental 4,4.0,The Continental 4,spotify:artist:6B8MS7K4qSa3kYc4iL1BwJ,['souldies']
,,,,
Don Nix,27.0,Donahue Nixon,spotify:artist:7dK2Wq1Z7X5LGsSeuWxsKy,[]
Buckwheat,30.0,Buckwheat Zydeco,spotify:artist:31ioFU3ADV6npBP7ykNvtF,"['swamp pop', 'zydeco']"
The Move,54.0,The Movement,spotify:artist:1qwdTaVUdjYJLLoxtFmsqr,"['east coast reggae', 'reggae fusion', 'reggae rock']"
Joe Stampley,37.0,Joe Stampley,spotify:artist:0bRY1ri3TKSfD5BRU8CvaJ,['classic country pop']
The Mystic Moods,19.0,The Mystic Moods Orchestra,spotify:artist:0HxQeBjzWt18F1em8G2flL,[]
Roy Clark,38.0,Roy Clark,spotify:artist:6iOpZ3mUTWOjjER4mGcZmS,"['classic country pop', 'oklahoma country']"
Uriah Heep,54.0,Uriah Heep,spotify:artist:45O9BwPMyywM755SYUK0sP,"['album rock', 'art rock', 'blues rock', 'classic rock', 'hard rock', 'metal', 'progressive rock', 'psychedelic rock', 'rock', 'symphonic rock']"
New York City,51.0,New York City Ballet Orchestra,spotify:artist:1L9dHbVoLLQZMQ4fFwutjo,[]
Maggie Bell,14.0,Maggie Bell,spotify:artist:5mZT64pztyifYahkPx6KMK,[]
Tom T. Hall,53.0,Tom T. Hall,spotify:artist:1SvG3y1gYAFOsv9785Xu9T,"['classic country pop', 'country', 'country rock', 'outlaw country', 'singer-songwriter']"
Chocolate Milk,32.0,Chocolate Milk,spotify:artist:3R2oR0SQba16AZZaoG94xe,"['funk', 'new orleans funk', 'post-disco']"
Rusty Wier,25.0,Rusty Wier,spotify:artist:5lzHv5qwNmlLHFhhL7w9TP,['texas country']
Banzaii,0.0,Banzaii,spotify:artist:5QofWX3mJY36lk37mPhxOg,[]
The Band Of The Black Watch,11.0,Regimental Band and Pipes and Drums of the Black Watch,spotify:artist:44srTHEVOITtuyBlNO93da,['bagpipe marching band']
People's Choice,38.0,People's Choice,spotify:artist:5OPSpcX9nVVWCIOKcoM4ot,"['classic soul', 'deep disco', 'disco', 'philly soul', 'post-disco']"
Ja-Kki,0.0,Y$KKixkdoor,spotify:artist:3kETXv9eErMLxgGu0i53aA,[]
Robin Trower,45.0,Robin Trower,spotify:artist:0MAvx5yzdhylg2ztJC3MD3,"['album rock', 'art rock', 'blues rock', 'british blues', 'classic rock', 'country rock', 'electric blues', 'hard rock', 'modern blues', 'psychedelic rock', 'rock', 'southern rock']"
Grace Jones,58.0,Grace Jones,spotify:artist:2f9ZiYA2ic1r1voObUimdd,"['art rock', 'dance pop', 'disco', 'new romantic', 'new wave pop']"
Kerry Chater,0.0,Kerry Chater,spotify:artist:1g4jwfZj18BraRGAWfOG93,['deep soft rock']
Universal Robot Band,18.0,Universal Robot Band,spotify:artist:2o9c2U0sHi0yM1h5TwmXT9,[]
Claudja Barry,20.0,Claudja Barry,spotify:artist:2nLByDrVFGu0xpVbHcDpzy,"['deep disco', 'hi-nrg']"
Kongas,15.0,Kongas,spotify:artist:4GkifqyhyFy4UqIclUSKCL,[]
El Coco,32.0,Eliot Sumner,spotify:artist:3nGEOG9P9CDuTb8VWFv7bi,[]
Joyce Cobb,0.0,Joyce Cobb,spotify:artist:3cG0EWvyO2JGkNLL0ecizy,"['soul blues', 'southern soul']"
Grace Slick,32.0,Grace Slick,spotify:artist:3wNX7r7t4Vaahrx9XzyYIY,['psychedelic rock']
,,,,
Samantha Fox,46.0,Samantha Fox,spotify:artist:0ym94xKp2PIOJtTZKpxbAa,"['europop', 'hi-nrg', 'italian disco', 'new wave pop']"
Dokken,53.0,Dokken,spotify:artist:09hNSPPOxDop4FRdr6UEnq,"['album rock', 'glam metal', 'hard rock', 'metal', 'rock']"
Kings Of The Sun,12.0,Kings Of The Sun,spotify:artist:1TSshonnjRm1tPoas41AEm,[]
Shirley Lewis,0.0,Shirley Lewis,spotify:artist:0IsiGzCZIshsWOTI9iN7ie,[]
Danger Danger,63.0,Danger Mouse,spotify:artist:2dBj3prW7gP9bCCOIQeDUf,"['alternative hip hop', 'hip hop', 'mashup']"
Jellyfish,37.0,Jellyfish,spotify:artist:10flBVEy5MiUXOJWTaFsyL,"['beatlesque', 'jangle pop', 'power pop']"
,,,,
Around The Way,15.0,Around The Way,spotify:artist:45T0U1JSiGImIHfPVr0ZsU,['contemporary r&b']
Utah Saints,41.0,Utah Saints,spotify:artist:2KB6LGMBaOYYYdvvgyptFH,"['big beat', 'hardcore techno', 'hip house']"
,,,,
Blackgirl,0.0,BlackGirl,spotify:artist:08hbT2Wvl2a4XlLGhf7LYw,[]
,,,,
Letters To Cleo,45.0,Letters To Cleo,spotify:artist:7E41j1yL9ZeTWfqe9bUGgw,"['alternative pop', 'boston rock', 'candy pop', 'lilith', 'pop rock']"
Dishwalla,48.0,Dishwalla,spotify:artist:6F3NW2aC9Sni1FH7QPSLvw,"['neo mellow', 'pop rock', 'post-grunge']"
Charm Farm,0.0,Charm Farm,spotify:artist:0m68X70Axb32Yh4fOaHEUO,[]
K5,28.0,K5,spotify:artist:4RVHBm0uTNye1EJYrbopIH,[]
7 Mile,38.0,Seven Miles South,spotify:artist:72c21aY4syGrlEpu82lXqd,['texas country']
,,,,
,,,,
Fatboy Slim,64.0,Fatboy Slim,spotify:artist:4Y7tXHSEejGu1vQ9bwDdXW,['big beat']
Yankee Grey,23.0,Yankee Grey,spotify:artist:3dEmtnoOnNNor8HDMq8THn,[]
,,,,
Madison Avenue,48.0,Madison Avenue,spotify:artist:6otgz5gkB40UnWFwTy0VDh,"['disco house', 'vocal house']"
Ghostface Killah,68.0,Ghostface Killah,spotify:artist:6FD0unjzGQhX3b6eMccMJe,"['alternative hip hop', 'east coast hip hop', 'gangster rap', 'hardcore hip hop', 'hip hop', 'rap', 'southern hip hop']"
Master P,56.0,Master P,spotify:artist:7zICaxnDB9ZprDSiFpvbbW,"['dirty south rap', 'gangster rap', 'hip hop', 'houston rap', 'new orleans rap', 'pop rap', 'rap', 'southern hip hop', 'trap']"
Koffee Brown,45.0,Koffee Brown,spotify:artist:6HEyD6mSqQQKMVilyU31ZY,"['contemporary r&b', 'hip pop', 'neo soul', 'r&b', 'urban contemporary']"
Philly's Most Wanted,21.0,Philly's Most Wanted,spotify:artist:2nmNj8czpBZkCVZSbx5W2i,"['hip pop', 'philly rap']"
,,,,
,,,,
,,,,
,,,,
Donell Jones,57.0,Donell Jones,spotify:artist:5KNqYrivNgVCHBssEUSu5B,"['contemporary r&b', 'hip pop', 'neo soul', 'quiet storm', 'r&b', 'urban contemporary']"
Telepopmusik,50.0,Télépopmusik,spotify:artist:3aKCo8gLJfuPYtr88aWKjF,"['downtempo', 'electronica', 'nu jazz', 'trip hop']"
,,,,
Elephant Man,54.0,Elephant Man,spotify:artist:6NOvBZrkd83MSD51xkq4on,"['dancehall', 'jamaican dancehall', 'old school dancehall', 'reggae fusion', 'soca']"
BT,93.0,BTS,spotify:artist:3Nrfpe0tUJi4K4DXYWgMUX,"['k-pop', 'k-pop boy group']"
,,,,
Mr. Vegas,59.0,Mr. Vegas,spotify:artist:1pmixngtBJleMrGUG5o8DE,"['azonto', 'dancehall', 'lovers rock', 'reggae fusion', 'soca']"
,,,,
Mannie Fresh,55.0,Mannie Fresh,spotify:artist:0fbFfVckGKsDbAfYnB5mD1,"['bounce', 'dirty south rap', 'gangster rap', 'pop rap', 'rap', 'southern hip hop', 'trap']"
Fat Joe,68.0,Fat Joe,spotify:artist:3ScY9CQxNLQei8Umvpx5g6,"['bronx hip hop', 'dance pop', 'east coast hip hop', 'gangster rap', 'hardcore hip hop', 'hip hop', 'hip pop', 'pop rap', 'rap', 'trap']"
,,,,
Neal McCoy,48.0,Neal McCoy,spotify:artist:69Etpls5a2aATUkB6NInTY,"['country', 'country road', 'country rock']"
,,,,
,,,,
,,,,
Theory Of A Deadman,65.0,Theory of a Deadman,spotify:artist:74eX4C98E4FCrAMl39qRsJ,"['alternative metal', 'canadian metal', 'canadian rock', 'nu metal', 'post-grunge', 'rap rock']"
,,,,
K'Jon,0.0,K’jon,spotify:artist:4uY73ZTjDL72lttoXpPcEd,[]
Parachute,57.0,Parachute,spotify:artist:2PCUhxD40qlMqsKHjTZD2e,"['acoustic pop', 'charlottesville indie', 'indiecoustica', 'neo mellow', 'neon pop punk', 'pop rock', 'post-teen pop', 'viral pop']"
,,,,
,,,,
,,,,
Easton Corbin,60.0,Easton Corbin,spotify:artist:070kGpqtESdDsLb3gdMIyx,"['contemporary country', 'country', 'country road', 'modern country rock']"
,,,,
New Hollow,30.0,New Hollow,spotify:artist:4NVjldBwjF0DzudAiLvti0,[]
,,,,
,,,,
,,,,
,,,,
,,,,
,,,,
The Neighbourhood,86.0,The Neighbourhood,spotify:artist:77SW9BnxLY8rJ0RciFqkHh,"['modern alternative rock', 'modern rock', 'pop', 'shimmer pop']"
,,,,
Emblem3,42.0,Emblem3,spotify:artist:1md9aYaJ6Qt1FHypXICB5V,"['post-teen pop', 'talent show', 'teen pop']"
KONGOS,54.0,KONGOS,spotify:artist:58R5LHkK3vkmEyGUPOR5kS,"['modern alternative rock', 'modern blues rock', 'modern rock', 'south african pop', 'south african rock']"
Chase Bryant,43.0,Chase Bryant,spotify:artist:7io3MyhMxDZoBYXp4rlRFA,"['contemporary country', 'country pop', 'country road', 'modern country rock']"
,,,,
,,,,
,,,,
,,,,
,,,,
,,,,
Tucker Beathard,42.0,Tucker Beathard,spotify:artist:1FQXio7XougvCvKLIu0CCk,['country pop']
,,,,
A$AP Ferg,73.0,A$AP Ferg,spotify:artist:5dHt1vcEm9qb8fCyLcB3HL,"['gangster rap', 'hip hop', 'pop rap', 'rap', 'southern hip hop', 'trap', 'underground hip hop']"
Liam Payne,67.0,Liam Payne,spotify:artist:5pUo3fmmHT8bhCyHE52hA6,"['dance pop', 'pop', 'post-teen pop']"
Devin Dawson,59.0,Devin Dawson,spotify:artist:2ySHS7UojGu20XfUPaBlyu,"['contemporary country', 'country pop', 'country road', 'modern country rock']"
,,,,
,,,,
,,,,
YG,76.0,YG,spotify:artist:0A0FS04o6zMoto8OKPsDwY,"['cali rap', 'gangster rap', 'hip hop', 'pop rap', 'rap', 'southern hip hop', 'trap']"
Roddy Ricch,81.0,Roddy Ricch,spotify:artist:757aE44tKEUQEqRuT6GnEB,"['melodic rap', 'rap', 'trap']"
Baby Keem,81.0,Baby Keem,spotify:artist:5SXuuuRpukkTvsLuUknva1,"['hip hop', 'rap']"
Clairo,77.0,Clairo,spotify:artist:3l0CmX0FuQjFxr8SK7Vqag,"['bedroom pop', 'indie pop', 'pop']"
The Singing Belles,0.0,Anthony and the Singing Sleigh Belles,spotify:artist:20CuNhbyCp6niPzIlzizsn,[]
,,,,
The Beau-Marks,9.0,The Beau-Marks,spotify:artist:4DdKwKjWP5k7tuT8RyMRQ3,[]
Hank Thompson,39.0,Hank Thompson,spotify:artist:42tDjhK9kdS7CCHxs8ysz0,"['cowboy western', 'traditional country', 'western swing']"
Nina Simone,69.0,Nina Simone,spotify:artist:7G1GBhoKtEPnP86X2PvEYO,"['jazz blues', 'soul', 'soul jazz', 'torch song', 'vocal jazz']"
,,,,
Etta Jones,52.0,Etta Jones,spotify:artist:3CEdEF8RsuL3hAFJaujvr0,"['adult standards', 'contemporary vocal jazz', 'lounge', 'vocal jazz']"
Cleveland Crochet and Band,0.0,Cleveland Crochet and Band,spotify:artist:4GbV6nECTCcEVwHY7vAMPw,[]
Charlie Mccoy,25.0,Charlie McCoy,spotify:artist:4LwB86Ve6LpHYtsbnu6bvC,['harmonica blues']
The Chanters,13.0,Choir of Chanters The Maestros of the Psaltic Art,spotify:artist:6KKMJum6gQwXchRfFKUTZX,[]
Rick And The Keens,0.0,Rick & The Keens,spotify:artist:5nLQCCFO6ET4Vx7gvjc9g0,[]
"Karl Hammel, Jr.",0.0,"Karl Hammell, Jr.",spotify:artist:0Bo3F7hHCY37pOOPKV1UV5,[]
Otis Williams And His Charms,1.0,Otis Williams & His Charms,spotify:artist:5G8DgjnTpR72FaAHEgNxKL,[]
Rod McKuen,27.0,Rod McKuen,spotify:artist:62JorFOkIjXHHU7GMT9r77,[]
Maureen Gray,3.0,Maureen Gray,spotify:artist:2gwTCPlgFBChLHJ1B5g79N,[]
Ray And Bob,39.0,Richie Ray & Bobby Cruz,spotify:artist:56eTRCwZ13vVWAmrG0dMnq,"['mambo', 'salsa', 'salsa international', 'tropical']"
Mahalia Jackson,47.0,Mahalia Jackson,spotify:artist:6QBUIuGCAJSAtefEY1EEdB,"['gospel', 'spirituals']"
Rockin' Rebels,22.0,The Rockin' Rebels,spotify:artist:69lJC8BEOzUVBj9FCxB8H5,[]
The Shacklefords,3.0,The Shacklefords,spotify:artist:25h6007tvAdOewBXlCAX65,['deep free jazz']
Percy Mayfield,34.0,Percy Mayfield,spotify:artist:4BfUHTiOoOcunsrw4mS2HU,"['jazz blues', 'rhythm and blues']"
Ronnie Carroll,8.0,Ronnie Carroll,spotify:artist:22WsdE2gbH75bDBfc3BpnB,[]
The Surfaris,45.0,The Surfaris,spotify:artist:6gZVflqhSHhG3MjYrf1dOv,['surf music']
The Devotions,1.0,The Devotions,spotify:artist:1ansEr5xlP7Ko8MAZXqhkm,[]
,,,,
Cliff Richard And The Shadows,48.0,Cliff Richard & The Shadows,spotify:artist:4IdvJZeciaa37wYr2qBpjm,"['adult standards', 'bubblegum pop', 'classic uk pop', 'merseybeat', 'rock-and-roll', 'rockabilly']"
Brian Poole And The Tremeloes,23.0,Brian Poole & The Tremeloes,spotify:artist:7oovWTnMtmERd4nCPjg4Pk,"['classic uk pop', 'merseybeat', 'rock-and-roll']"
Buck Owens and The Buckaroos,15.0,Buck Owens & The Buckaroos,spotify:artist:41GBMTInlbb2bey1N6VAzV,['bakersfield sound']
Leon Hayward,0.0,Leon Hayward,spotify:artist:3m119whMxHKSEOC0XDPC1j,[]
Ted Taylor,28.0,Ted Taylor,spotify:artist:0QYN2PJUwq49cW3T75KXCG,"['classic soul', 'rhythm and blues', 'southern soul']"
The Uniques,33.0,The Uniques,spotify:artist:1EV3e39He1WLxcD1EjluLb,"['early reggae', 'rocksteady']"
The Sidekicks,28.0,The Sidekicks,spotify:artist:4ZJVFT8xiw3SgQ8dydvWey,"['alternative emo', 'bubblegrunge', 'indie punk', 'orgcore']"
Richard And The Young Lions,5.0,Richard And The Young Lions,spotify:artist:3QDerZemTYTDqImkqjcBA8,[]
Spyder Turner,13.0,Spyder Turner,spotify:artist:1WY9RIHsINGWgV7Ne3D8gx,['northern soul']
Eddie Fisher,38.0,Eddie Fisher,spotify:artist:6bHSJldq5J4lYowHOm9OOX,"['adult standards', 'deep adult standards', 'easy listening', 'lounge']"
The Romeos,4.0,The Romeos,spotify:artist:49uZBfeQHhy63GqPzmybU0,[]
J.J. Barnes,18.0,J.J. Barnes,spotify:artist:2hIOIluaknpeTzdniBzj8A,['northern soul']
Lou Donaldson,47.0,Lou Donaldson,spotify:artist:063xkuRULzZu8fcoPR2rKR,"['bebop', 'hard bop', 'jazz', 'jazz funk', 'jazz saxophone', 'soul jazz']"
Deon Jackson,20.0,Deon Jackson,spotify:artist:1MAzauDIpGIacm1p6x2zQe,[]
,,,,
Otis Clay,38.0,Otis Clay,spotify:artist:2jV8AcZ8W3TfiqInUGWwlL,"['chicago soul', 'memphis soul', 'soul', 'soul blues', 'southern soul']"
Southwest F.O.B.,2.0,Southwest F.O.B.,spotify:artist:3bos36ZwyMSw7RdawbsTX3,[]
Bobby Hatfield,7.0,Bobby Hatfield,spotify:artist:0HVV86wbGf6ZBjrUUygaBP,[]
,,,,
The Original Caste,25.0,The Original Caste,spotify:artist:2YF9R3YmOHqZ4yK29iKKgl,[]
,,,,
,,,,
Dee Dee Warwick,27.0,Dee Dee Warwick,spotify:artist:3KeTziLAcJFEnbhfIMRh5w,"['classic soul', 'southern soul']"
Arkade,46.0,Arkaden,spotify:artist:2GSLyxjLJioTwuGZehuz7S,[]
Fantasy,45.0,Boy Fantasy,spotify:artist:6TNu2GG0r5FZXtSvdGcLsY,"['pink noise', 'scenecore']"
,,,,
Mike Reilly,1.0,Mike Reilly,spotify:artist:34RPqERfY18zAvfKpt42At,[]
Red Eye,43.0,Red Eye,spotify:artist:4yu1crXDHBTb27yiM5otx5,['j-rap']
The Sweet,49.0,Sweet The Kid,spotify:artist:4qaGGZulMdVRK7uDgGAaNq,"['chill r&b', 'korean r&b']"
Potliquor,0.0,Potliquor,spotify:artist:0U1eJekGgaMnnbJA8FBvaK,[]
Bang,61.0,Fredo Bang,spotify:artist:4yTmEo2clwWq2jwelvqgVv,"['baton rouge rap', 'pop rap', 'southern hip hop', 'trap']"
Hot Sauce,9.0,Hot Sauce,spotify:artist:64AGpp5QrYJXmLnotg3Pb2,['memphis soul']
The JB's,54.0,The J.B.'s,spotify:artist:4lJHGi5dlJmWwFH0JKF6di,"['funk', 'jazz funk', 'soul']"
,,,,
Gladstone,47.0,MIA GLADSTONE,spotify:artist:6XoXNsXj8wck0oVUNwxcmF,['indie r&b']
,,,,
Anacostia,1.0,Anacostia,spotify:artist:2nOjvmFF53XNLhnQSUn8yG,[]
Uncle Dog,0.0,Uncle Dog,spotify:artist:0AoODAKfYwFdYL2TVJCxxX,[]
Bill Quateman,3.0,Bill Quateman,spotify:artist:3I1mRytDvAfQIkNtIjZLWW,['deep soft rock']
David Blue,9.0,David Blue,spotify:artist:3gDmirZwdIYHGozUPScwgK,['american folk revival']
Sutherland Brothers And Quiver,3.0,Sutherland Brothers & Quiver,spotify:artist:4PZTf9tGxAD1uxpVmV5zMH,['classic uk pop']
,,,,
,,,,
,,,,
Terry Jacks,49.0,Terry Jacks,spotify:artist:09dDdtfi4mWLdC2BHOrIrl,"['bubblegum pop', 'classic uk pop']"
Paper Lace,37.0,Paper Lace,spotify:artist:33W24YuaMUEk85MwRX6cRs,"['bubblegum pop', 'classic uk pop']"
Willie Henderson,3.0,Willie Henderson,spotify:artist:3W7NhfglFlnKRRMfakixbT,[]
Sugarloaf/Jerry Corbetta,1.0,Jerry Corbetta formerly of Sugarloaf,spotify:artist:5cmihxgo9OKB4KpYcvD1Lj,[]
Loleatta Holloway,48.0,Loleatta Holloway,spotify:artist:3m5hegxlB80Z2zQb1893pc,"['classic house', 'disco', 'diva house', 'philly soul', 'post-disco', 'vocal house']"
Lea Roberts,0.0,Leah Robertson,spotify:artist:1ksUQLfHMbzJ14LlxYVge0,[]
Narvel Felts,20.0,Narvel Felts,spotify:artist:5i7UKP91HFnfeoC0p9SH9T,"['arkansas country', 'rockabilly']"
The Brecker Brothers,31.0,The Brecker Brothers,spotify:artist:45rpaf8BR69NIPqmeAYb7l,"['jazz funk', 'jazz fusion', 'modern funk']"
Reparata,0.0,Reparata,spotify:artist:7pjiMmGVz6Fz9UrHVrSzt3,[]
Bobby Moore,31.0,Bobby Moore & The Rhythm Aces,spotify:artist:6qlpFH9e4sZ52tAPy2KmLz,['classic soul']
John Dawson Read,0.0,John Dawson Read,spotify:artist:7CjTlmzhi8DjyQiXX5i7Mx,[]
Country Joe McDonald,26.0,Country Joe McDonald,spotify:artist:4fsh5BPGWt8oGFUwQ6msCk,"['folk rock', 'psychedelic rock']"
,,,,
,,,,
,,,,
,,,,
,,,,
,,,,
The Ramones,0.0,The Razor Ramones,spotify:artist:4C6s1ThsvV7wuPnEvdpk4p,[]
Eloise Laws,18.0,Eloise Laws,spotify:artist:4RJjnfYCmudnzG5AyMVnte,['northern soul']
McGuffey Lane,10.0,McGuffey Lane,spotify:artist:7bIAlWmWIBUUijORNiZzmr,[]
Tangier,23.0,Tangier,spotify:artist:0dbqThA3WzcKBxN58KbdI8,"['glam metal', 'hard rock', 'philly indie', 'sleaze rock']"
,,,,
The Northern Pikes,33.0,The Northern Pikes,spotify:artist:2BLAzgwe8OzvLOPTZDBCtw,['classic canadian rock']
Lisa Keith,22.0,Lisa Keith,spotify:artist:68sMSV8NvbARSYCmFzzSpQ,[]
Clive Griffin,31.0,Clive Griffin,spotify:artist:7piYJtFSV6vtj2pK5TyHJI,[]
The Badlees,18.0,The Badlees,spotify:artist:25VSFgiz95XMZ5O7MmIxs1,['pop rock']
